Barrio,2019-01,2019-02,2019-03,2019-04,2019-05,2019-06,2019-07,2019-08,2019-09,2019-10,2019-11,2019-12,2020-01,2020-02,2020-03,2020-04,2020-05,2020-06,2020-07,2020-08,2020-09,2020-10,2020-11,2020-12,2021-01,2021-02,2021-03,2021-04,2021-05,2021-06,2021-07,2021-08,2021-09,2021-10,2021-11,2021-12,2022-01,2022-02,2022-03,2022-04,2022-05,2022-06,2022-07,2022-08,2022-09,2022-10,2022-11,2022-12,2023-01,2023-02,2023-03,2023-04,2023-05,2023-06,2023-07,2023-08,2023-09,2023-10,2023-11,2023-12,2024-01,2024-02,2024-03,2024-04,2024-05,2024-06,2024-07,2024-08,2024-09,2024-10,2024-11,2024-12,2025-01,2025-02,2025-03,2025-04,2025-05,2025-06,2025-07,2025-08,2025-09,2025-10
Abasto,,,,,8.247524862551035,,,7.616902800888523,8.198734460285204,7.753515860050454,7.758088043064495,7.587657232792062,7.22835416644706,7.498623610421665,7.621521746744818,7.367287608360577,7.406746445101125,7.585634987411294,7.489676824431858,7.52294091807237,7.31937635082508,7.49170316757709,7.391181928560013,7.4524824544238095,7.510751362547785,7.376469417398001,7.411660459903554,7.431003422746685,7.346010209913293,7.3731185286713705,7.391181928560013,7.3988758316687955,7.313220387090301,7.346010209913293,7.313220387090301,7.330749189374596,7.411936360029459,7.345779868425588,7.333599549426953,7.3031700512368,7.320942433184212,7.308619745936124,7.261516192387447,7.351686667918098,7.300027254244769,7.314145884611245,7.303167131166175,7.285517784540966,7.322699131044845,7.34592165444272,7.28686554720443,7.313220387090301,7.320287554313394,7.235115180695168,7.295327934248713,7.408530566894626,7.305785408602784,7.24868186595273,7.253116463020596,7.313220387090301,7.258134689998267,7.28686554720443,7.357023009748694,7.380186514760816,7.418580902748128,7.388727939598446,7.470224135899966,7.4011891600362585,7.382213258577253,7.447236158508503,7.476925279722371,7.417961421569176,7.5263560667936815,7.5319095880551306,7.5319095880551306,7.484228183983983,7.543744045702134,7.516372848906002,7.55211229537265,7.5319095880551306,7.588926268495366,7.5267944873883605
Abril Club De Campo,,,,7.7214894225312,,,7.8632667240095735,,,5.9518390575881135,5.859075359062237,,7.555782024261613,,7.448433865897809,,5.509038397863689,7.52294091807237,6.0048875674401225,6.056119016996336,7.093844844219486,7.389058463481806,7.6348040112177635,,7.5267944873883605,,7.448433865897809,7.611622625161017,7.505592279737757,,7.633186244650078,7.636669683400713,7.803843303538772,7.585154102573943,7.671283256303882,,7.661527081358517,7.701862416973373,7.4757393165880766,,5.807240040167941,7.536345572594302,7.661527081358517,7.585634987411294,7.881804845008484,7.840034224970236,7.5267944873883605,7.849030812920855,,,,,,6.9809660987217015,7.645519525030889,,7.671881605532089,7.74180791261932,7.630755422691763,7.74993803870257,7.824046010856292,7.6823954937932655,7.76019453886976,7.7123420212762905,7.841284225621278,7.781845656365916,7.858586336108468,7.567218933065932,7.75120326471869,7.814996175336375,7.669895331029034,7.7123420212762905,7.830497713274246,7.794354004666134,7.729735331385051,7.710372017362474,7.788954691045022,7.72396255229931,7.786305682873445,7.726065602496088,7.726065602496088,7.817125568011718
Acassuso Vias  /  Santa Fe,,,,,8.072507370154792,,,7.886893914515956,,,7.549609165154532,,8.050573660154742,8.006367567650246,8.39357923544906,,8.01820202529725,,,7.846645842773533,7.870566026491185,7.919356190660617,7.824046010856292,8.262300941787448,7.957577403480815,7.730801756092914,7.985697888643463,7.9226685487736,7.919356190660617,7.9226685487736,7.753665214094493,7.849525096157277,7.8907373853549645,7.870566026491185,7.833898307299304,7.870566026491185,7.967146854496965,7.757597674123076,7.898153983010014,7.894309930522591,7.913277144584235,7.860859983979008,7.839794367824432,7.898153983010014,7.753665214094493,7.735034452839422,7.882864436922585,7.752587046874147,,,,7.803843303538772,7.718685495198466,7.623375315394141,7.754956050943055,7.7806955699826785,7.737034633866663,7.727706995497234,7.801573155004234,8.024353003823071,7.811414263950391,7.899395448098079,7.725133139191332,7.77080149633748,7.6587220304309085,7.707512194600341,7.696212639346407,7.761822001840255,7.772752716468742,7.8756381289739075,7.629889996415335,7.829075359261294,7.665018594189741,7.888584531993863,7.826709128275776,7.7384322581333,7.772050715737912,7.891487291651825,7.786305682873445,7.866176182665162,7.833834017222455,7.798028269138235
Agronomia,8.218211563710524,,,,,,,,,8.022367908996689,,7.622881366260858,7.983894711798188,,,7.533025037138996,7.836255274530365,8.118845551076937,7.734433852166605,7.66633001815395,7.726065602496088,7.8399193600125825,7.673223121121708,7.705637779805991,7.82289987892567,7.693398352216999,7.606981505618465,7.5792409627609025,7.79890502189819,7.540574470940855,7.60479352976311,7.541264193222351,7.591852624022165,7.588479939543525,7.610233786970967,7.664852270493718,7.562487391918525,7.600902459542082,7.474995432755913,7.522312184948861,7.45260182229918,7.600902459542082,7.471690728062076,7.5199701286288345,7.443197077031892,7.411281600266516,7.375902183357526,7.3685704821734666,,,7.584373157590872,7.445510314626759,7.540610229285963,7.3801087395500895,7.460202577438947,7.410101548790253,7.423568444259167,7.495541943884256,7.473389139243123,7.429052202615423,7.557417347602343,7.498623610421665,7.4689558542981995,7.426549072397305,7.614029618629737,7.572939353197367,7.495541943884256,7.6046199487858415,7.70827606093259,7.536363938404511,7.7148467188913,7.545842682359055,7.637716432664798,7.696212639346407,7.748397205433866,7.571049496392401,7.684429501873666,7.642575155942651,7.654969680812358,7.6164066460780475,7.6597429595650155,7.571049496392401
Aidy Grill,,,,,,,,,,,7.680945167215619,7.919356190660617,,7.8122115532092895,7.680945167215619,7.658060873382031,7.1753079801387525,7.929406526514119,7.870566026491185,7.63864278752493,7.513891082552453,8.006367567650246,8.144517906131064,8.054819951036194,7.9568525031228665,8.064811163520321,8.020494946909457,7.888584531993863,7.788954691045022,8.039157390473237,,7.959886876408962,7.936523994282982,7.9958962677829515,8.044107895633093,8.006367567650246,7.989125761215741,7.968627239667399,8.006367567650246,8.055760322979824,7.982270016071186,7.937374696163295,8.130420216320225,8.060434788920523,8.031685375634536,8.244400036210365,8.064636475774222,8.139921705010604,,,,,,,8.006367567650246,,8.037620111154352,8.0559928049371,8.35745169840258,7.927230247091523,8.120311826999465,8.006367567650246,8.122952003260268,8.113853482620387,8.25723566697931,8.113726085970747,8.048881149819131,8.147446165910152,8.086410275323782,8.130420216320225,8.192953523230658,8.314668927304764,8.147446165910152,8.194419799153186,8.152971041842122,8.111728083308073,8.143767511650335,8.07580917149848,8.137703569711334,8.130420216320225,8.180720954795024,8.113726085970747
Albanueva,,,,,7.615940336906623,,,,,,5.799092654460526,5.652335263074884,,,,7.170119543449628,8.131530710604252,6.166584903483761,7.865288969390341,7.387328359244023,7.700722794824293,7.592805249309463,6.281460405410032,7.4473758046960725,7.615940336906623,7.042001212544529,7.329675507816746,6.498282149476434,7.549609165154532,6.44272431040578,,6.5061069694006735,7.924129469413274,7.931756703859072,,8.003247440314004,6.461468176353717,6.253770842241234,6.433297299387021,6.3436851406973345,7.752918666840708,8.003247440314004,7.992182932658291,6.21551430600573,7.851104952598229,6.530461047840669,7.349306776864722,6.304759195416489,,,,,6.3016194754118215,,6.488867150541832,,6.528607479191346,6.620073206530356,6.789972243325754,6.5947362970225,6.924138758232661,7.900418989640866,8.101821861238196,6.591521304601915,6.66654220435999,8.05288758328514,6.725433722188183,7.824046010856292,8.101821861238196,7.253706259557894,,8.162882293949854,8.006367567650246,8.143649810871036,8.081326256009419,7.315052810535269,7.924129469413274,8.28162712010347,6.938355088918165,8.055151404202102,8.28602349607746,8.102759413325312
Alberdi,7.446751779714824,7.1441440570463675,,6.609023370343771,7.4673710669175595,6.8447804798207486,7.313220387090301,7.6758037677152,7.2028399609704366,6.980075940561763,7.421561530886265,7.105581022312057,7.708533123734448,8.147738520831107,7.159069707263043,6.60514755631368,7.1308988302963465,7.641724454062338,7.017756174196466,7.07138470276394,7.070274208479912,7.081602208785119,6.997489522887911,6.790947853391384,6.953702578198734,6.907755278982137,7.013115794639964,6.890948160665756,6.907755278982137,6.9532176530588945,6.907731469174876,6.945780622184136,6.953702578198734,6.805934590029435,6.980075940561763,6.8153819588511215,6.878767742108884,6.793250943598833,6.8626348437016675,6.843216757844566,6.878196476740593,6.759129517248171,6.74869058435245,6.81525938630722,6.774725013905059,6.727125771180303,6.671366500917907,6.725433722188183,6.949110464664051,6.8517274475124745,7.097624041411475,7.025538314638521,6.671366500917907,6.9385269376488905,6.66281029898671,6.770554157468652,6.707084583519986,6.928166276242265,7.06083126767963,6.843216757844566,6.816585891843844,6.85269550179911,6.927957986299656,6.755874747689418,6.816585891843844,6.9215486011144725,6.833858032780096,6.863952656323744,6.765439056801882,6.96659577900507,6.812445099177812,6.898542800060067,6.905578999559541,6.996308676323582,6.878767742108884,6.843216757844566,6.9219513397588806,6.87001495099929,6.839547028955604,6.940545101805128,6.873258843238661,6.825517180745165
Almagro,,7.914700379124423,7.015385943174502,7.813995675002791,8.132775242486375,8.011405361680204,7.994843081798293,7.755053139369341,8.000152974306523,7.765777102732316,7.685060767549306,7.954723334497908,7.9724660159745655,7.8632667240095735,8.123333808915545,7.852111042450375,7.9616316738088555,7.863259031672295,7.83363023809805,7.824046010856292,7.777639638042136,7.818474965806836,7.758840600731017,7.755053139369341,7.77698741394291,7.739230024430098,7.741354295011178,7.7222704593524725,7.698882867902286,7.733697694172013,7.680945167215619,7.695154997788272,7.712820375746068,7.664981316226605,7.661527081358517,7.656583064933695,7.665440980679653,7.629073336508779,7.614695781674418,7.613023820074427,7.598399329323964,7.600902459542082,7.587657232792062,7.617153829301589,7.556051893376731,7.5898526233554975,7.543274680754498,7.52356744681036,7.70144368876396,7.7482593314498125,7.520050362912987,7.479595008503274,7.564095448031863,7.610471910558233,7.646567444670781,7.549609165154532,7.5792409627609025,7.574926973138822,7.549609165154532,7.625410263407378,7.57170174850231,7.572731582575386,7.600902459542082,7.676410012050227,7.632651157856663,7.646082590229806,7.669895331029034,7.665440980679653,7.642451462454955,7.658616120524044,7.654901852012145,7.648155344392628,7.725200176219659,7.71784972415107,7.753117612139551,7.72396255229931,7.6597429595650155,7.699522458586066,7.721855069959745,7.683140557779055,7.696212639346407,7.653546193027505
Alta Cordoba,7.423568444259167,,,,,,6.671366500917907,7.090722413657902,,7.3495880312611765,6.907755278982137,,6.994766655971767,6.7178865165528,6.3771270279199666,7.069023426578259,6.192135242570133,,6.994766655971767,6.834995924699709,7.048631427600699,6.725433722188183,7.0412866716066596,6.722832940488125,7.144755864957773,6.838762407495186,7.013115794639964,6.76549020638886,6.637464949242225,6.970275635963471,6.9062156327965445,6.783809163052659,6.914039066002424,6.767993336606978,6.763174050171029,6.852185427827326,6.843372086636344,6.741628408108163,6.690947546117013,6.778609809442209,6.624629023066217,6.587812344312135,6.593506179145634,6.750822956193002,6.656960196337417,6.856461984594587,6.597577623147302,6.660895201050611,,,,,7.003899139535039,6.4630694577206915,6.597183249525222,,6.634433372145713,6.726887210816166,6.666290145939259,6.645391014514646,6.857744858407476,6.471013817562608,6.597600350678298,6.577399326578741,6.80711175320245,6.465636853225937,6.507431570374392,6.684611727667927,6.652735451662486,6.734912466142727,6.9123636065345995,6.635821563498495,6.771953737823075,6.838762407495186,6.666593222165249,6.771108611482296,6.774223886357614,6.838762407495186,6.634461943982456,6.715383386334681,6.694496020329138,6.631618524316089
Alto Alberdi,7.101911293423094,,7.331569525758498,,6.574057936753372,7.025538314638521,,6.907755278982137,,6.342441469932076,7.27931883541462,6.005257869240317,5.0319610808110085,7.030815371739364,7.195437351433918,7.505592279737757,7.013115794639964,6.907755278982137,6.332391134078575,7.090076835776092,6.771623104657557,6.883007109292943,6.766676680722232,6.5350799936969635,6.844429174312597,6.631620977830783,6.835434617402511,6.835434617402511,6.7871272911935225,6.684611727667927,6.696059113508278,6.540823834876216,6.800124614789771,6.707734145088781,6.778408011192873,6.580542367773721,6.43552695471429,6.755268494201216,6.620073206530356,6.626342819543951,6.753604599154879,6.66706792787788,6.606650186198215,6.557230216863533,6.725433722188183,6.682526221176906,6.503553279967415,6.468388619198292,,,,,6.907755278982137,6.720243237678673,6.684611727667927,6.730074101744685,6.657556299785097,6.586171654854675,6.537805803834709,6.648938046134477,6.789972243325754,6.66969844381721,6.657556299785097,6.858965114812705,6.915418151727706,6.789972243325754,6.72054373689399,6.851131338736641,6.83078155475832,6.885282423130079,6.789972243325754,6.832853970809019,6.946598775972676,6.968379900798572,6.907755278982137,7.05565587742728,6.885259695599083,6.946221559809933,7.013115794639964,6.8514023424310055,6.820886372430856,6.807669743896778
Arguello,,,,,6.571283042360924,,7.1308988302963465,6.682261550322973,6.794426593675134,7.250916503754146,,6.8922510924461715,6.7922423918602925,7.048207114451234,7.153498662213588,6.761151804790262,7.025538314638521,6.969055804845933,6.656440850701231,6.950772664065828,5.896154367303657,7.5319095880551306,6.551080335043404,,6.821812849181413,6.69898524912714,6.384507135217589,6.251953544722987,6.759271298522317,6.642546062382415,6.725433722188183,6.805972584672195,6.576391000145041,6.571283042360924,6.533061829540727,6.575502476683856,6.7995416943419045,6.8252909961021375,6.571283042360924,6.5594485847139214,6.782592136028131,6.362528228498814,6.282508869001722,5.412352829119953,6.156339190298216,6.362528228498814,6.488996883206116,6.526141386696152,,,,,,6.429719478039138,6.49086147505035,,6.571283042360924,6.471742082400674,6.2635949692578485,6.089438288779297,6.214608098422191,6.725433722188183,6.191351236257924,6.816405500393909,6.584252266701092,6.429719478039138,6.7646544353414635,6.732402391504276,6.681289456308592,6.868534565828856,6.725433722188183,6.677967184949258,6.684611727667927,6.82675149482905,6.633318433280377,6.674606085550606,6.805101124922054,7.119064372649344,6.650313091720074,6.529052268716027,6.623304227111802,6.668976102157215
Arroyito,7.084574758622108,,,7.4757393165880766,7.2293389031096,7.457801615901409,7.927424365310127,,,,,6.74869058435245,7.473563037165481,8.50326021306778,7.3750957908083885,7.037721605442163,7.448139704989672,7.400723285348121,7.495541943884256,7.275480059107454,7.24422751560335,7.321786006840295,7.265967502239755,7.3495880312611765,7.344472930594406,7.313220387090301,7.141381576919059,7.357956280931693,7.137678517281726,7.318335487757071,7.209071865491694,7.06494086250455,7.156971070606122,7.324649082913925,7.28852777449993,7.46291671656818,7.077173430940184,7.141948666482932,7.1308988302963465,7.090076835776092,7.267758013013544,7.013115794639964,7.047517221357296,7.1034998561082325,7.170680652688691,7.038627943711143,7.073740416456398,7.3495880312611765,7.043887453306717,6.8489147789592035,7.236259345954173,7.3232707229438025,6.840615976144509,6.981086552067687,7.090076835776092,7.095807510485077,7.076231839711419,7.063759527458719,7.055079993738995,7.064324339673677,6.8489147789592035,7.003065458786462,7.074809363645303,7.110696122978827,6.921741520956877,6.907755278982137,7.069023426578259,7.032723313137529,7.035588650492022,7.256061973250353,7.167266474467222,7.267217033828048,7.3101231277759595,7.159929009301613,7.191113754815433,7.0531373885124005,7.202554819202782,7.1308988302963465,7.150147348719456,7.067183015910239,7.119929798925773,7.042808742797273
Ayres De Pilar,,,,,,,,,,,,7.600902459542082,7.9492091538102985,,3.460947386067929,,7.7950584739830395,5.786414739236471,7.639616971722773,7.787004739175943,7.51472476330103,7.6164066460780475,7.671854195514367,7.669895331029034,7.668041762379711,7.676089261026959,7.652195753929632,7.4214586025757425,7.671854195514367,7.5570998368836895,7.5392088905367425,7.635334655963566,7.615940336906623,7.264430222920869,7.692118467813744,7.622019382983005,7.652195753929632,7.578734552632056,7.682075749585905,7.524741098576518,7.598466404744201,7.520244556524628,7.598466404744201,7.694368187547759,7.591714033487676,7.683644886612136,7.547313936249971,7.614131078627606,,,,7.671854195514367,7.5468352382718065,7.652195753929632,7.513891082552453,7.610119114647007,7.592603656727388,7.647156988304388,7.652195753929632,7.536363938404511,7.643150988553541,7.687791818350852,7.5267944873883605,7.531321878871198,7.639311907656953,7.671854195514367,7.660621694243704,7.653088212712652,7.685459847570145,7.750434193513046,7.671854195514367,7.698948062491159,7.797644313051367,7.624332711350468,7.696212639346407,7.684601478418729,7.696212639346407,7.605957230203707,7.700629157481653,7.622563956323262,7.649692623711514,7.617510195941743
Azcuenaga,,,,,,,,,,,,,6.907755278982137,7.3777589082278725,,,6.838762407495186,6.709304340258298,6.677231620370304,6.380122536899765,6.337668191179419,,6.987797986655673,6.593511559004948,6.6676141512993565,6.712694696410753,6.3375946094667945,6.525385885668622,6.556737214993541,6.695911282921861,6.882437470997847,6.853952572989161,6.624629023066217,6.671366500917907,6.767890692594272,6.589301547863602,6.702096488329961,6.556357392144249,6.601464702471608,6.51926850740839,6.873069720994247,6.821893988375745,6.32982091052303,6.566685333112295,6.482087463556454,6.485117786152031,6.29156913955832,6.517989080417077,,,,,6.498551848763365,6.6524085871732925,6.372000272173621,6.365748534358659,6.524763026726031,6.640594842251153,6.428534994631478,6.282174268228779,6.36875877824945,6.332391134078575,6.372237042625775,6.593275946644124,6.656440850701231,6.443449670851039,6.579721911006788,6.522092798170152,6.5176760002073495,6.490020078282158,6.306857016530467,6.4738773518495005,6.551640803790161,6.526387722453033,6.5459336193917,6.429883157939575,6.538100561019501,6.42305750779718,6.536353893479234,6.510202709247232,6.509285963098794,6.45175353905087
Balvanera,7.1308988302963465,7.556166565700691,7.669895331029034,7.850745217211532,7.982270016071186,7.658313366755421,7.803426723653557,7.4673710669175595,7.513891082552453,7.675592066590906,7.822377953755595,7.615291196994182,7.740351559743565,8.019106593427676,7.7344213520884795,7.7384322581333,7.652229536572124,7.787232037733576,7.587443306168078,7.583062541413751,7.561681746388801,7.662355238755746,7.583202882442682,7.562681246721884,7.541004317961013,7.500258933762395,7.5078120364760705,7.5008190009851,7.500258933762395,7.490878972329437,7.496451862242749,7.489970898834801,7.487573774235079,7.457383792753897,7.435388021064509,7.433848374878917,7.393620812528339,7.373685582840237,7.412311289734532,7.380840574765281,7.346010209913293,7.3777589082278725,7.3777589082278725,7.382099311401621,7.347121938765983,7.367753266110552,7.277502304488222,7.317904236402728,7.600902459542082,7.494292724483824,7.384094726676959,7.362613142419878,7.403145094618289,7.37037880093025,7.291714181869338,7.308846688879969,7.331569525758498,7.359740402725194,7.285123718872851,7.374374810243632,7.346010209913293,7.307649342040846,7.316917248971627,7.398378195430608,7.344969085404882,7.393914560654046,7.382813678889497,7.396601996029353,7.387881915859321,7.3706312943036405,7.387909087627602,7.444727300108445,7.4794896558351205,7.47122463623355,7.397900697510589,7.479205524564563,7.395852651670571,7.418580902748128,7.43727303576028,7.394189449623968,7.398770506160817,7.3777589082278725
Barracas,7.495541943884256,,8.25597769215262,7.821573821710903,7.932259595496525,7.885414957232585,,7.5340937898699725,6.7646544353414635,7.599048890892759,7.733183070264952,7.600902459542082,7.50246238672883,7.885414957232585,7.824046010856292,7.313220387090301,7.666988346096324,7.779950690991067,7.747505933733958,7.654969680812358,7.718685495198466,7.669895331029034,7.664981316226605,7.586916217567342,7.651115256795879,7.588479939543525,7.706262975199909,7.577912941317384,7.550240544739855,7.641724454062338,7.641724454062338,7.61214850881671,7.612553076762057,7.647733033009505,7.575897249254751,7.633163321760303,7.600902459542082,7.536363938404511,7.6239401276090994,7.527780194713119,7.500579737914213,7.610471910558233,7.523941418405954,7.589729158943957,7.600902459542082,7.672292455628756,7.448394734649523,7.558952572401209,7.536363938404511,7.27931883541462,7.402832545779988,7.391181928560013,7.4768624695872035,7.536363938404511,7.53772355792055,7.719573989259581,7.54118322484046,7.399834859927072,7.547501682814967,7.443186713550328,7.466671151863752,7.504591779404174,7.4424321185703075,7.738923757439457,7.547099753549106,7.442657086165619,7.487573774235079,7.477523438381578,7.447628588188358,7.627643854162861,7.520859751868546,7.451370725571119,7.523554791691532,7.583489647632552,7.525553022300295,7.477135606821582,7.4729252238390025,7.536363938404511,7.61862424555583,7.487573774235079,7.454298985350207,7.418580902748128
Barrio Norte,8.061630246325295,8.075360439137198,8.219737607137477,7.90100705199242,8.363456176018051,8.159803706539636,8.166216268592143,8.158273294841079,7.608934631239347,7.706262975199909,8.023174685966628,8.17871895212435,8.084329109119958,8.263744290606699,8.046315818121904,8.018871408840715,8.09989005422612,8.039157390473237,8.006367567650246,8.052304662837273,8.043408839330596,8.031546467451951,7.967146854496965,8.006367567650246,7.9834656424883885,7.936523994282982,7.955074273262696,7.946648332948625,7.931676675048657,7.91539578944452,7.899395448098079,7.860413655027167,7.900779805087682,7.917572068867115,7.824046010856292,7.884846209883256,7.864868005376548,7.840306531728072,7.8632667240095735,7.824046010856292,7.83931348298708,7.841609214313797,7.818093137762592,7.832704073599406,7.832704073599406,7.830538476756503,7.763942086786587,7.815258852108392,7.8271028633844155,7.880312633748667,7.824046010856292,7.804681643674501,7.869337415534906,7.818146288729104,7.788954691045022,7.817028438197646,7.808541824320327,7.7950584739830395,7.802306024219886,7.81491352729302,7.81749418034962,7.7839421205912185,7.824046010856292,7.837157645995667,7.8551365979263235,7.8191560255621,7.870566026491185,7.865656860513012,7.863711267248724,7.846024917575067,7.885200434009623,7.853316393156406,7.883765245557915,7.8907373853549645,7.877155836170241,7.905897037286612,7.887650792359958,7.872836175025724,7.892176867492067,7.8684977734271255,7.8369494156922,7.786305682873445
Belgrano,8.389359819906353,8.565983355585669,7.824046010856292,8.21795029656338,8.023757586222699,8.301368380897388,8.309040874587762,8.197422804412955,8.12967714195493,8.044156116664347,8.205700470270738,8.187620177255296,8.281879104481773,8.239173029876193,8.102249339353529,8.350360811664743,8.164711125737542,8.172352705124508,8.219941667948305,8.123288905709149,8.070906088787819,8.13346806994448,8.039157390473237,8.047763548373707,8.073058942148919,8.070906088787819,8.024716706318443,8.01820202529725,8.006367567650246,8.006367567650246,7.966362233036548,7.973577744827256,7.964949139733804,7.985243936198954,7.935541515081634,7.944935839827502,7.967146854496965,7.957577403480815,7.925828705166234,7.929406526514119,7.916216470655949,7.953723834164824,7.898076756969239,7.898153983010014,7.91675540896056,7.909893377315111,7.878704423394156,7.885230674815457,7.846024917575067,7.934238832096087,7.916419330987307,7.966702311257816,7.926993980108734,7.958331664409055,7.9212097593099395,7.9511288785864345,7.912456968200345,7.922486083669544,7.944407477378216,7.919356190660617,7.907815893921751,7.925885287353667,7.950888415330018,8.03268487596762,7.992125210934703,8.01820202529725,8.020574145655178,8.013408685586343,8.000300716621457,8.028593448935663,8.02249694958013,8.04519839191692,8.089096537503451,8.092127290276334,8.063578526405983,8.031487987733774,8.08324443015928,8.06282921167001,8.100678247121488,8.049596302201067,8.094336340596204,8.022838733446516
Bella Vista,,,,,,9.613369425286466,,,,,,,,,6.44138141778698,,7.170119543449628,7.682967412596387,7.27451098118979,7.367287608360577,7.04279156278608,6.767993336606978,6.589161697503259,6.437751649736401,6.7382071081499175,6.081076705797669,6.838762407495186,6.54775254495073,6.419657906293702,6.4483151345916925,6.959048573369688,6.740701194318971,6.344066165659078,6.557098407368968,6.551422715902346,6.771953737823075,6.067625908073546,6.544849785292769,6.407292442251693,6.365430988156775,6.42946518010293,6.396929655216146,6.338490830945361,6.528265657277234,6.393013408394511,6.459061436323153,6.471037627369868,6.0048875674401225,,,,,6.373672793051879,6.529067198417552,6.782592136028131,6.357708942062865,6.561232706507423,6.058826096862849,6.227853325172212,6.246751588646961,6.176386885601994,6.134565390748655,6.202773640775189,6.663301941081176,6.545897687918956,6.44138141778698,6.482087463556454,6.396929655216146,6.135714155952528,6.26771792373614,6.299765906762499,6.3932998871655675,6.472437207724291,6.308407405369591,6.404387717308351,6.319968614080018,6.291104131412299,6.2828766512911995,6.344066165659078,6.467136933274277,6.4728056901948365,6.304220257111879
Billinghurst,,6.956545443151569,,,,,6.803395263657894,,,6.52683127979009,,,7.3855410486699276,7.250700030108967,6.907755278982137,7.418580902748128,7.043887453306717,6.838762407495186,6.913340467402948,7.1308988302963465,6.8064270268522495,6.830238836554309,6.843216757844566,6.729796285379514,6.8229361556823225,6.772835961082766,6.698034748000068,6.843216757844566,6.608238748883354,6.57751359211156,6.679391566283529,6.856461984594587,6.76916911569599,6.847130657165702,6.502290170873972,6.399875165445903,6.668643829390394,6.907755278982137,6.29156913955832,6.870193145232319,6.519989747973374,6.524763026726031,6.408937093318083,6.214608098422191,6.396929655216146,6.042757841495533,6.620073206530356,6.4251677613334275,,,,,,6.684611727667927,6.157449684582243,6.048622960947931,6.4905941311107815,6.4281821987202505,6.536691597591305,6.169487663141722,6.491594881757225,6.41305903714603,6.206744361961977,6.329203773071684,6.38856140554563,6.450996876486422,6.551080335043404,6.391942113705108,6.309918278226516,6.250114786879101,6.476972362889683,6.470617371007306,6.522092798170152,6.4905941311107815,6.437751649736401,6.37321312859883,6.576722765656743,6.604805734399568,6.345944100483279,6.357708942062865,6.413043177290987,6.3173678323799605
Boca,,,,,7.8551365979263235,,7.520859751868546,7.798352897932337,7.393263094763838,6.959048573369688,7.256061973250353,6.230112284958157,7.788954691045022,6.459206584737661,7.388727939598446,7.272869091566734,7.176019265576817,7.4673710669175595,7.462752121061265,7.313220387090301,7.214129484446071,7.2681342741341055,7.303650936074151,7.236259345954173,7.237128155903443,7.338538195074592,7.43227974710629,7.222995295497576,7.195437351433918,7.126236817190535,7.246457170930619,7.244290818168595,7.153888348521045,7.242797922793756,7.1308988302963465,7.169735359272611,7.311631824405164,7.108425974444288,7.206610652032043,7.111354234223376,7.1441440570463675,7.001942494041838,7.066951657665994,6.966024187106113,7.088503271328661,7.0412866716066596,7.020379443436083,7.182858569227058,6.788612623809714,6.907755278982137,7.003065458786462,6.677577701010548,6.968715978771824,7.010034128102555,6.980075940561763,7.0172249873900965,6.866933284461882,6.94751851215415,6.930944723901048,6.843216757844566,7.0412866716066596,6.886948115932457,6.928164150613344,7.0412866716066596,7.075820486335687,6.919083279287345,7.05857816871672,7.175599009214253,6.907755278982137,6.997367437671824,7.0925248174147315,6.959048573369688,6.9735066565449175,7.1308988302963465,7.047054472596825,7.065979284197031,7.034049004306429,7.182192124683898,7.090076835776092,7.224908619250643,7.148917335799025,7.061905958809396
Boca Raton,,,,,,,,,,,7.338538195074592,,,7.539658834301363,,,6.198571099512375,6.789972243325754,7.550471605915191,,6.929763721690524,6.907755278982137,6.89722857438322,6.993890889452364,6.695632664846808,6.952207041552971,6.867530477671628,7.035588650492022,6.833647306828415,6.209274752446829,6.984716320118266,4.24808291211208,4.203816080586449,6.620073206530356,6.811420279147095,,5.515379174765648,6.853267093698068,,4.121794819776467,6.502290170873972,6.851665812331094,5.635054231814993,6.805756111027016,6.197123356732288,6.538395175516089,4.110473944151984,6.809315206168884,,,4.245167451956684,,,5.616771097666572,4.3287046302799945,,6.839543352478257,4.373368571930767,5.593781579441872,5.41610040220442,4.35225210597265,6.396929655216146,6.851170929929318,6.711044984736083,6.511859621890124,6.802394763324311,4.55638002181866,6.812445099177812,6.669344255537139,6.729829333661221,6.552414558056541,6.759335273863864,6.783265993062766,6.649926169680037,6.725433722188183,6.5115998141420075,6.665489414077815,6.502290170873972,5.886104031450156,6.6330939486760325,6.684611727667927,5.783825182329737
Boedo,,,,,7.648155344392628,7.946263643580541,6.882437470997847,7.922994379799285,7.6348040112177635,7.733952967329254,7.81828140815144,7.585788821732034,7.869166446136762,7.680945167215619,7.304170551570383,7.491340257030556,7.564534815371208,7.898153983010014,7.731672690725277,7.778215888315337,7.724458830255685,7.73327933981978,7.685667726169792,7.586566315377338,7.65315314988596,7.595331414492627,7.696212639346407,7.613974541109435,7.60132360084121,7.600902459542082,7.6348040112177635,7.532583215564605,7.600902459542082,7.548942720611372,7.561681746388801,7.654146974060895,7.5935223522444595,7.523818910902216,7.546696293277487,7.529642655942355,7.513891082552453,7.537427462688566,7.506591780070841,7.521998280703074,7.529230542186242,7.449352561414881,7.445609575136047,7.468142969696141,7.406746445101125,7.576209846951711,7.292166977892469,7.571882870873125,7.356802347418077,7.434775588668108,7.438383530044307,7.486820898302513,7.42314191407569,7.411858356987301,7.437358998108825,7.426099735162155,7.389409525447848,7.399162816891026,7.418580902748128,7.4282897168750885,7.442606299048904,7.48372020491909,7.4815557019095165,7.462752121061265,7.445147930132849,7.494673133934986,7.438383530044307,7.510781070788601,7.524681563868626,7.52294091807237,7.553011171837667,7.534136763229821,7.4852301082186,7.509552680953854,7.520859751868546,7.534500004966448,7.498623610421665,7.5075468899810796
Buceo,8.06204271415497,8.517193191416238,,,,7.8502009683331435,,,,6.8359155890021555,7.783224016336037,7.767102520526422,,8.187854694390786,7.184008655610295,7.765777102732316,7.54640731768788,,8.023658337288914,7.965090096009842,8.129746588810752,8.132226604856413,,,,7.651362073181056,7.329349769020185,7.827209423040288,8.036220530799929,7.879176784726473,7.600902459542082,7.827209423040288,8.037115765631244,7.699637300227772,7.619251598210279,,7.824046010856292,,7.642402190448835,7.867965244791128,7.67995800006376,8.007846858670119,8.279681932923006,8.119512908728861,7.539425047512694,7.780472977759045,7.788382032258893,7.657905925371141,,,,,,7.481548425614422,7.805901010153692,,7.8119734296220225,7.765777102732316,7.948098659526271,7.702685153852024,,7.846518866708351,7.895504974838437,7.900470039173294,8.086410275323782,7.8960195104813815,7.867970810859301,8.185059356393623,7.833524754810836,8.133367258411555,7.8060275053536134,7.802621557562327,8.025590603079468,7.946794382022151,7.6644158652644085,7.771745061456535,7.98439327842948,7.722046842901171,7.875527966691435,7.834896026880358,7.839027564471909,7.927586689797132
Caballito,8.244296174268657,8.35812849678655,7.991100095519458,8.309553826637993,8.111719749940017,7.8122115532092895,8.07570226105131,7.875339305243843,7.925986049199286,7.933608213367818,8.11969625295725,8.01427274715736,7.937374696163295,7.911222704428681,7.967146854496965,7.943657439342791,7.986564940354067,7.909203819196599,7.9690605152374365,7.95262028430113,7.877586777784322,7.877543806876884,7.849661071953795,7.82974403197093,7.8779864010020395,7.824046010856292,7.841037969231555,7.809388817021905,7.786305682873445,7.800515513446098,7.781486396437496,7.763421389039857,7.755053139369341,7.755053139369341,7.748822589618705,7.753279425784106,7.734087638395379,7.717073891304124,7.710464662053608,7.7081479898956795,7.716213306053077,7.696895699561929,7.692193879751489,7.701707158664048,7.7148467188913,7.687913836531712,7.636110045036527,7.627047739646405,7.783224016336037,7.656991926193126,7.779594248285458,7.661527081358517,7.669895331029034,7.666330264864538,7.699029523814449,7.720861774621062,7.685495592354135,7.645213949984068,7.683594175387196,7.693992882608094,7.662777863260169,7.691874237747809,7.65436103806685,7.699993362186313,7.737034633866663,7.725200176219659,7.7164153466639265,7.710601376798507,7.741675013423165,7.724754988416867,7.755837760829759,7.7148467188913,7.803443063389343,7.824046010856292,7.780898679700038,7.773383896859734,7.765205510833359,7.74806010387837,7.776127152538248,7.750434193513046,7.750358295065133,7.712820375746068
Campos De Alvarez,,,,,,,,,,7.322437042195226,,7.4072813474941945,,,7.1681946150400435,,7.553838037162835,7.493221754106004,7.3495880312611765,7.3568035430518846,7.293417759794122,7.4041921652960285,7.003287705703701,7.299797366758161,7.359740402725194,7.300728465723693,6.253828811575473,,7.304170551570383,7.269869946216687,7.3495880312611765,7.3495880312611765,7.393263094763838,7.342040825625793,,,7.267758013013544,7.3495880312611765,7.284599603210447,7.304170551570383,7.322699131044845,7.390553061029168,7.013115794639964,7.082108666126914,7.226835772891481,7.254396693931292,7.182192124683898,7.192952740077262,,,,,,,7.1308988302963465,,7.013115794639964,6.9452931983012025,7.173458444715143,6.571283042360925,6.758223545011173,6.258958913257786,7.032918421936143,7.348351478611959,7.335948638167857,7.4002317640799316,7.231155434035998,7.2512769777931005,7.385650224935116,7.3645136814778525,7.3815396310677786,7.264430222920869,,7.346010209913293,7.2850495101236055,7.383178975697212,7.367287608360577,7.340619361278416,7.313220387090301,7.141594119413095,7.165591358936398,6.241992463193075
Castelar Norte,,7.3777589082278725,7.441053758600186,7.941829046512676,,,,7.016954570947129,7.8632667240095735,7.678864001011794,7.469566457480996,7.3495880312611765,7.4837771023046695,7.418580902748128,7.505592279737757,6.929574326376777,7.6255950721324535,7.052937288826635,7.589729158943957,7.556450696971249,7.53953351316579,7.269869946216687,7.24422751560335,7.261927092702751,7.313220387090301,7.277502304488222,7.3902503961219015,7.269049168777164,7.507964463882813,7.3645136814778525,7.367287608360577,7.372060887113235,7.325054844737305,7.354042381610556,7.313220387090301,7.313220387090301,7.313220387090301,7.343073350239982,7.313220387090301,7.339578778176504,7.4041921652960285,7.264430222920869,7.1853870155804165,7.111096203000167,7.281379781234643,7.116212791140182,7.106206217705975,7.2883834639433625,7.00128133699296,6.952207041552971,7.418580902748128,7.016954570947129,6.959922979103428,7.11254969162815,7.1308988302963465,7.338538195074592,7.102885794068673,7.313878715032675,7.148917335799025,7.0412866716066596,7.054985515964821,7.21269069914181,7.313220387090301,7.195437351433918,7.256061973250353,7.195437351433918,7.195437351433918,7.213136928533319,7.121329379280196,7.1308988302963465,7.203840910592108,7.195437351433918,7.200578750934337,7.173458444715143,7.172284046459201,7.195437351433918,7.217910207285977,7.256061973250353,7.070274208479912,7.052231504791653,7.108425974444288,6.969630682700225
Castelar Sur,,6.597600350678298,7.302409470986086,,7.641724454062338,6.738856742520323,7.317776203626162,7.600902459542082,,7.446751779714824,7.506308871252115,6.865495469692254,7.094037236992189,6.675762112390944,7.264430222920869,7.783224016336037,7.418580902748128,7.350924483777539,7.282448728423548,7.28172172003093,7.170119543449628,7.435104829771228,7.106206217705975,7.383489582936858,7.285936428141833,6.963844745633181,7.078903535177966,7.154615356913663,7.359740402725194,7.213786490102114,7.479662901550108,7.169684855331504,7.205006802450069,7.126279884440052,7.221412837837178,7.1308988302963465,7.173458444715143,7.299035752098345,6.984716320118266,7.313220387090301,7.256061973250353,7.1891677384203225,7.05085612262281,7.199154840677677,6.716439450485817,6.718744734037386,6.898467086195669,6.921644391142804,,6.678342114654332,7.367287608360577,6.61426178661636,6.544849785292769,6.956249628920747,6.907755278982137,6.681948610248444,7.003065458786462,7.1308988302963465,6.753604599154879,6.907755278982137,6.887552571664617,6.907755278982137,7.121329379280196,6.758223545011173,7.030955485721376,7.0464469391077404,7.1308988302963465,7.045623279698827,6.987797986655673,7.061905958809396,6.972293800119708,7.023827450234891,6.972293800119708,6.985222929625975,7.070274208479912,6.96659577900507,7.101911293423094,7.074809363645303,6.952491172823528,6.852185427827326,6.92082736054949,6.786231041398038
Centro,7.457801615901409,7.588029256605876,7.670383016968961,7.55438244390719,7.650232769564024,7.4673710669175595,7.57191492266883,7.570443252057374,7.572731582575386,7.55438244390719,7.444898211065501,7.716831926549143,7.647115302697214,7.610471910558233,7.661527081358517,7.568969412439073,7.543850991854848,7.513891082552453,7.628553990872592,7.559066221680025,7.484970207425269,7.575584651557793,7.5480088574929525,7.566216901554192,7.531160133914321,7.516345071514019,7.501962511687179,7.473747284056836,7.4815557019095165,7.494218316953748,7.4446662732238025,7.43227974710629,7.47122463623355,7.45298232946546,7.434581244094569,7.41852375825827,7.408530566894626,7.423568444259167,7.401773784431747,7.447994787954421,7.43227974710629,7.423086864668834,7.342464261762584,7.412850228039143,7.437313358383761,7.387328359244023,7.3645136814778525,7.380661667885834,7.3906415340588865,7.325054844737305,7.408530566894626,7.3611747802123375,7.395050405337933,7.355780001509097,7.4011891600362585,7.455704824575513,7.3777589082278725,7.385481984541032,7.3777589082278725,7.394660719030476,7.381848893479398,7.396601996029353,7.418580902748128,7.459402897268383,7.496542444217839,7.473486488096143,7.4832564677819775,7.481101259729462,7.450152513644307,7.534555217067405,7.495541943884256,7.444556389151389,7.543082888653256,7.548534474024766,7.558342845123287,7.552893240355722,7.549609165154532,7.533247977726254,7.55211229537265,7.541813543172076,7.55438244390719,7.470405970612714
Centro ,,,,,,,,,,,7.696212639346407,,,,7.550517205688072,7.859062092727542,,,7.675626005738018,7.979934310582091,7.727196184866374,7.793274352189538,7.629073336508779,7.8991220372966495,7.471511143086623,7.574986524607854,7.782373314455724,7.622179857989368,7.940616190087466,7.731355347939518,7.930860015142102,7.674514276885328,7.6632063428782375,7.648911678728443,7.600902459542082,7.531590659651854,7.706262975199909,7.71402620581773,7.4301057090345495,7.701493483944855,7.530498818952113,7.669895331029034,7.513891082552453,7.778919895086315,7.523941418405954,7.384316308774031,7.665887309631495,7.507355041768776,,,,,,7.626654394562596,7.535142589769839,,7.588548712715345,7.692934544988576,7.534677596165192,7.498306655275522,7.532991253925872,7.433848374878917,7.646711995573376,7.448897912623235,7.429391818852343,7.486043693538928,7.500258933762395,7.522312184948861,7.535337771049199,7.693877050195162,7.549148986037831,7.7406644019172415,7.7638489292104795,7.873425508114188,7.841997128643725,7.719744355762364,7.598886688420201,7.740712022098683,7.702156193247255,7.774565953592922,7.687860480026361,7.647024528683614
Centro (Campana),7.767210069639972,6.459730556455177,5.498988062010188,6.796529643871913,5.827254740257073,7.154615356913663,6.017091330840134,7.271137174661602,7.3777589082278725,7.380114621920332,7.170744738843546,7.275480059107454,5.452468046375295,7.516561311108331,7.313220387090301,4.787491742782046,-4.0943445622221,6.774881997602163,7.561681746388801,6.970813414949274,6.907755278982137,6.745236349484363,6.914444267132934,7.313220387090301,7.065759528125385,7.470346409222719,6.907755278982137,6.968379900798572,7.110696122978827,7.148917335799025,7.208860371766058,7.105581022312057,7.02611987906317,6.972293800119708,6.994766655971767,7.162397497355718,7.327857433056481,7.240461032807873,7.170119543449628,7.148917335799025,7.1308988302963465,7.119064372649344,6.502290170873972,6.964913692822085,6.961822500252413,7.067516618135857,7.048660732059375,7.062991700375898,7.069333474638192,,,,,6.995431722721067,6.725433722188183,6.845016938348714,6.943473361584216,5.080593882703166,6.564503355375545,6.58171233865791,6.907755278982137,6.9818632511358585,7.069333474638192,6.882437470997847,6.729635409041882,6.907755278982137,6.990273239235601,7.013115794639964,6.880356304794023,6.9776362501697164,6.851184927493743,6.877902315832456,6.9899068046277755,7.2850495101236055,7.037099523348948,6.939007822486242,6.835434617402511,7.025538314638521,6.858965114812705,7.042103331513215,6.945495606964984,6.879970353404731
Centro (Moreno),,,,,,,,,,,,,,4.8283137373023015,,,,,,,6.907755278982137,7.249316585110821,7.2276066343673095,7.343073350239982,6.907755278982137,6.753604599154879,6.920414182974282,6.853865830721084,6.907755278982137,7.090076835776092,6.735003173204333,6.733038321573401,6.959048573369688,7.327609124542401,7.296826419896274,6.956545443151569,6.994766655971767,6.952947309716272,7.1308988302963465,6.649926169680037,7.003065458786462,6.921178299314278,7.092326555510107,7.090076835776092,7.003065458786462,7.015000809335735,6.998276942054665,6.048441981850522,6.597600350678298,,6.620073206530356,4.382037101240101,6.820743901992508,4.867537287894454,6.9519999807798945,,6.907755278982137,7.303767988666125,6.450330431943262,4.442651256490317,7.074809363645303,4.666583161952274,6.815126070748505,7.110279543093611,7.063240181822532,7.4673710669175595,6.46348486952151,6.817807042319197,6.838762407495186,4.499745026999818,6.528723427942128,6.840861044152107,6.812445099177812,6.843216757844566,6.751046701164579,6.645391014514646,7.119929798925773,7.043887453306717,7.152877737015122,6.77641927692105,7.017570144989343,7.114091711979966
Cerro De Las Rosas,7.718685495198466,,6.997367437671824,-5.2832037287379885,7.170119543449628,6.551080335043404,6.733401891837359,,6.881437970664764,6.784274222211116,7.226209010100671,,,,7.643462073960879,7.8632667240095735,7.406746445101125,7.354042381610556,6.907755278982137,6.961822500252413,6.808225683635104,6.655366159571465,6.553823820989155,,6.881437970664764,6.536702744486595,6.889013097172397,6.856461984594587,6.868534565828856,6.79268594919735,6.791454823285976,6.46040207817172,6.905456424357823,6.8265298390595515,6.9923126670102,6.9865361568352515,6.783702630312158,6.839547028955604,7.284641180170327,6.866512320448088,7.006440178455755,6.867523443138472,6.562914792690408,6.8386345428050666,6.433297299387021,6.697989589535478,6.576792698171894,6.53260248178219,,,,,,,6.211742761067699,,6.61338421837956,6.725433722188183,6.9485772735023925,,,6.719279856613804,6.725433722188183,6.554475924044543,6.703600248861939,6.700115914203892,6.821092724272531,6.766255716708438,6.865841948521082,6.766421175043243,6.810591530528489,6.702549428354595,,,6.838471347030121,6.7423520294393695,6.753604599154879,6.826004628963444,6.6420521132491315,6.2038037959629015,6.744996099491832,6.516193076042964
Chacarita,,,,8.39413309865901,7.600902459542082,7.692710008795205,7.781379564537389,7.679182016597238,8.163235640454005,,,,7.830633046592567,7.937374696163295,8.084619764549995,7.56740473222385,7.903183331415016,8.015101247619,7.847341775888943,7.696212639346407,7.7406644019172415,7.875339305243843,7.824046010856292,7.888584531993863,7.8128727102581665,7.847035529080991,7.817486079942559,7.855221628324742,7.871144230755142,7.839794367824432,7.856835833679283,7.790700323606956,7.801669862126788,7.821829269986448,7.674233732627632,7.680945167215619,7.824046010856292,7.693992882608094,7.669895331029034,7.634100528951678,7.6943327612037615,7.734433852166605,7.644705082200475,7.634100528951678,7.5840953412257015,7.659674915576641,7.540683599549028,7.641287435506714,7.4795416025378145,7.616614038701682,7.615087094534039,7.757151776026261,7.609979558796553,7.747133634890698,7.640819066947525,7.600902459542082,7.683594175387196,7.686424632980244,7.634100528951678,7.642866658641115,7.64636483361884,7.83222708853968,7.636376847735742,7.711089148306531,7.628301433730197,7.6348040112177635,7.731584841609286,7.781090594668559,7.73349586351882,7.7406644019172415,7.787979715110483,7.824046010856292,7.821143251198331,7.861112019858699,7.9070101612430745,7.781506567749437,7.8048457164069704,7.803843303538772,7.888584531993863,7.813995675002791,7.814476559840141,7.798226857034983
Chauvin,,,,,7.099792238045561,,,7.576209846951711,7.74993803870257,6.975473453037088,7.755053139369341,7.705262474866325,7.565184376940003,7.767956544205249,7.465941474107965,7.613324979540639,7.324209840449689,7.521621656667308,7.305785408602784,7.534093286859201,7.489676824431858,7.531376396893472,7.4673710669175595,7.661527081358517,7.495541943884256,7.487573774235079,7.435578479116699,7.503738711088435,7.566216901554192,7.495541943884256,7.495541943884256,7.379402293971602,7.477288503574906,7.505592279737757,7.487573774235079,7.438383530044307,7.489676824431858,7.473843581423177,7.519997838423437,7.48677345406431,7.545368607739287,7.312277879742416,7.3495880312611765,7.245572078015756,7.393263094763838,7.400989500646938,7.393263094763838,7.434309140210539,6.502290170873972,,7.393263094763838,7.51249150219803,7.52249036613864,7.393263094763838,7.4673710669175595,7.238787792307532,7.393263094763838,7.532339788104785,7.090485165729369,7.395458485327274,7.151952239494179,7.393263094763838,7.569460933707263,7.383789077254463,7.178045608722049,7.331569525758498,7.5267944873883605,7.4245443941449265,7.374778280089735,7.549017624173071,7.353216184434437,7.234439509237187,7.779236398429434,7.497105665860439,7.445709570136381,7.624799651575844,7.70557757413302,7.731460126537499,7.527976521035801,7.70396473261439,7.7440033031827555,7.444059988049113
Chilavert,,,,6.620073206530356,7.567000907866401,,6.7646544353414635,7.106206217705975,5.646624060816253,7.5267944873883605,7.189723003522106,7.3777589082278725,7.366621163817417,7.1308988302963465,6.639173377903775,,6.987797986655673,7.4673710669175595,7.568112636719092,7.000845702048149,7.346668321157842,7.307355267637903,7.2850495101236055,7.176111033986006,7.217910207285977,7.070274208479912,7.3495880312611765,7.3495880312611765,7.069396630538553,7.305586651024907,7.1308988302963465,7.106206217705975,7.289963524926034,7.3777589082278725,7.24422751560335,7.249192017286958,6.968310691856666,7.104923343893086,7.305785408602784,7.176019265576817,7.1308988302963465,7.104923343893086,7.211265664567308,7.069396630538553,6.964419621635638,6.719279856613804,7.081708586105575,7.104923343893086,,,7.159069707263043,,7.1308988302963465,7.013115794639964,7.035588650492022,7.087548389422733,6.907755278982137,7.106206217705975,6.9767481504690885,6.926803473952831,7.167199414576808,7.138278937593969,6.927299875055107,7.098141526741033,7.24422751560335,7.003065458786462,7.201309743239948,7.160499300072638,7.161535799758236,7.27399967393702,7.110696122978827,7.110279543093611,6.9767481504690885,7.072058330273413,7.090076835776092,7.095353892876935,7.113199253196946,7.110279543093611,7.086003510388456,7.098810515744846,7.140560741208084,7.088812612599412
Ciudad De Tigre,,,,,7.745733407420539,,6.825517180745165,7.810252688723956,,7.647422475176976,7.877155836170241,,7.88120442469624,7.969606050416654,,7.082507788063963,8.020756305102346,7.778583636779535,7.832836212936023,7.479205524564563,7.574585151224709,7.928196492392445,7.577912941317384,7.622104667192685,7.580699752224563,7.474444482793286,7.459402897268383,7.5295827537144575,7.718685495198466,7.561681746388801,7.835974581721566,7.707716463827892,7.575584651557793,7.626949168480183,7.756466567166488,7.600902459542082,7.67786350067821,7.735955518674391,7.63912367236228,7.631361667026791,7.660775860589497,7.60108429425483,7.649585475114166,7.456321230730975,7.543329623796934,7.557417347602343,7.468528629330697,7.786997619153729,,7.708533123734448,7.383476904285056,7.835974581721566,7.697894725529392,7.708230928260528,7.529674950253715,7.826919925983726,7.677241964149983,7.757906208351747,7.553985539754331,7.550864743309538,7.687003971741078,7.621105166859602,7.656991926193126,7.712820375746068,7.84519777587277,7.752133429266006,7.616169931672871,7.582415551673215,7.705138204951911,7.726820034821574,7.673184236199848,7.664081361163614,7.741021677673834,7.690514618231769,7.71604106579195,7.639018132171597,7.762389929433195,7.732671737173206,7.738960440480765,7.693684192993048,7.72396255229931,7.732738336644821
Club Miralagos,,,,,3.4140063399547365,,7.766226439967466,,,,3.7317196127904286,,,,,7.486830003282234,3.8467035393075037,,,,3.78685986247414,,3.637711167539537,3.7578723256008875,3.7235475830598133,3.76991272569,3.795548014431778,3.9357395320454622,3.728420218478143,3.8466032049487406,3.8140425970679424,4.046287267268322,3.982348322148876,3.892220378131966,3.9992794504253744,3.982348322148876,3.871201010907891,3.941293387728259,4.05512384906882,3.7295361320514324,3.8632328412587142,3.9268380912132868,3.850927906068335,3.912023005428146,4.01000341378835,3.977810745966149,4.057533492286794,4.133628540930685,,,4.110473944151984,,4.037186148382152,4.022791863095233,4.024818499573491,7.137704884765347,3.8757652574055217,3.7722610630529876,7.221831246049482,3.9691814192680948,7.107909312071648,3.9281523873580295,4.073757928613713,3.9938530236757783,6.7974072218132715,3.9954046143671973,3.8757652574055217,3.9539139471373064,3.981278516443856,3.8175396135998154,3.903990833730882,4.134464556011526,3.9325475620785575,4.195169922714536,7.192542993407553,3.972141026336871,7.074809363645303,3.937432406262343,4.134464556011526,4.05537320832373,7.1480912308367195,3.8707935011110663
Cofico,7.572731582575386,,,,,6.907755278982137,,7.718685495198466,,,,,7.233177679416765,7.24422751560335,7.067087317551393,7.134528598346925,7.04279156278608,7.236259345954173,7.170119543449628,7.572731582575386,6.720408554261432,6.8277125713086,6.994355508684363,6.912742820493176,7.108425974444288,6.897498778814948,7.013115794639964,6.997906375976434,7.000845702048149,6.996000597223718,7.004065288188659,6.85187482058768,7.03035760107447,6.756932389247553,6.961822500252413,6.7099295356522175,6.939743624191664,6.817100910714006,6.771953737823075,6.798163703933081,6.941656830657818,6.637566363977873,6.8277125713086,6.596247628118286,6.723021175782798,6.82883526103201,6.81814312029245,6.880726606594218,,,,,,6.989018243060903,6.748066377351181,,6.907755278982137,6.8277125713086,6.907755278982137,6.884200971764682,6.918805115168722,6.917656592630227,6.865195664563341,6.946975992135418,7.061905958809396,6.919901625266659,7.1441440570463675,6.946871307175186,6.969951486852043,7.052336507793245,7.293646769077869,6.907755278982137,6.853267093698068,7.069598304432551,6.9767481504690885,6.937608242131819,6.989081873666529,6.984466038550196,6.885950649015284,6.965253771043353,7.024015085097999,6.930793508131055
Coghlan,,,,,,,,7.846024917575067,,,7.942722302489891,8.031385330625534,8.015101247619,7.824046010856292,8.22448056577574,8.006367567650246,,7.870566026491185,8.032075924360454,8.049852679589986,7.888584531993863,8.058327306580958,7.94330943168311,7.944570284546636,7.919356190660617,7.878534196140362,7.862025258921508,7.9330362945646975,7.923300968951634,7.890295396397493,7.865586654347469,7.991100095519458,7.890466760621584,7.845099420054124,7.801573155004234,7.808045669509851,7.824046010856292,7.825644732219989,7.862210352344874,7.808045669509851,7.789158751855852,7.766903244382396,7.707512194600341,7.7367040007011445,7.7528153432526326,7.798728202872002,7.7761065485671725,7.707385939944532,7.92107441736248,7.3777589082278725,7.933213225322043,7.84988724204018,7.8136746350491535,7.747084969720164,7.808501928633479,7.813995675002791,7.73599924745878,7.814996175336375,7.8232764840772635,7.748990844693795,7.798538251309079,7.780616452928956,7.818768953755448,7.747084969720164,7.806785678558734,7.842914495160675,7.840046352202734,7.815747208041597,7.7950584739830395,7.761769081334777,7.793508085143916,7.7664168980196555,7.963807953231451,7.894004599463202,7.8632667240095735,7.8410072242496405,7.865155504404358,7.822377953755595,7.874598290019123,7.7912561880333016,7.871039136506354,7.828976176964151
Colegiales,8.180720954795024,,,8.055847624913616,,8.37860702813009,7.563546672998314,,8.122439738903001,7.915983506181978,7.600902459542082,7.789781416882196,8.247860257632652,8.081488198118356,8.014089613744158,7.869166446136762,8.006367567650246,8.094336340596204,7.97819669068355,8.093870465908067,7.848310632855924,8.014564334854425,7.878113232126568,7.925398505116579,7.8632667240095735,7.944836309959431,7.875633379646786,7.904088718529828,7.847762537473608,7.934046906070621,7.83931348298708,7.862357770758082,7.854351360351621,7.8632667240095735,7.772828811862073,7.776793126005747,7.777816664055027,7.832014180505469,7.827548641407494,7.8357420506194835,7.7664168980196555,7.860088874242769,7.824046010856292,7.815677761185776,7.871052053232223,7.765205510833359,7.725200176219659,7.7406644019172415,7.9282316430603785,7.6164066460780475,7.8303111920418855,7.864868005376548,7.8088679508488426,7.804243383560112,7.767631921576201,7.855540109121073,7.7853314986756015,7.83931348298708,7.848018652214411,7.8272781744465725,7.801144246569607,7.829365172333892,7.867765481154407,7.940616190087466,7.927299044174553,7.99460272607066,7.873878384604168,7.918998498486685,7.89202415126444,7.9492091538102985,7.939115340641079,7.952300346379971,7.976514604500566,8.063287857902928,7.99160859799067,7.971315929591328,7.979123475008212,7.95093500849384,7.984388660931471,7.9724660159745655,7.96922802070079,7.9492091538102985
Congreso,,7.887194677704809,,7.649692623711514,7.600902459542082,7.728735831051967,7.497267569851726,7.911057387845922,7.306394422019902,7.7912561880333016,7.642287675704937,7.6823954937932655,7.679796402011745,7.991100095519458,7.743076948322625,7.504275623853011,7.631674118208836,7.391173595191957,7.761525653874958,7.5681278932203355,7.557784568377979,7.866605625275088,7.583202882442682,7.536363938404511,7.543744045702134,7.438383530044307,7.575584651557793,7.4795416025378145,7.541479039071281,7.59402958025432,7.498623610421665,7.516345071514019,7.481101259729462,7.454298985350207,7.473069088032197,7.469274017063646,7.450421508603786,7.4673710669175595,7.418580902748128,7.437491469147556,7.436834343057478,7.435822709182633,7.445949854923837,7.414566432384893,7.370458561623219,7.429304866111103,7.298105317766041,7.3451534341933105,7.4244460222005255,7.233177679416765,7.477523438381578,7.333423094407821,7.4270555297391,7.410483692515508,7.311094987777988,7.3232707229438025,7.257130920439258,7.318497444191145,7.311552329989604,7.343073350239982,7.393263094763838,7.287902579106012,7.342040825625793,7.332830743666943,7.352441100243583,7.371039957979128,7.331569525758498,7.382907221214677,7.382213258577253,7.302749087223006,7.2870227795204485,7.347706563161471,7.362491436097084,7.382213258577253,7.392484988476158,7.385791079925137,7.341391264056997,7.344969085404882,7.389058463481806,7.342535429316003,7.3768900982786025,7.3232707229438025
Constitucion,7.090076835776092,,7.18692666176601,,6.9402407341266255,7.717573766345775,7.117105508164011,7.199366629573808,7.018980914092362,6.465922526703098,7.421996375363653,7.61725707553054,7.418580902748128,7.438989774379335,7.292469442985262,7.366062868464681,7.308389967113092,7.067603979924033,7.610027367319083,7.1308988302963465,7.385075040363548,7.233177679416765,7.2544708830181115,7.234483163187125,7.264430222920869,7.395050405337933,7.390867064180612,7.313220387090301,7.190618064997969,7.264430222920869,7.172638436469112,7.305252217441125,7.222230201295238,7.195437351433918,7.186248925379512,7.159069707263043,7.1308988302963465,7.118362011520288,7.148917335799025,7.267758013013544,7.068097929057316,7.061905958809396,7.24422751560335,7.181620369332858,7.1441440570463675,7.11254969162815,6.968151462405683,7.0716283054483515,7.227964748688112,7.111850635325652,7.25004148546877,7.062535087486957,7.08534229869398,7.159069707263043,7.115394643760381,7.090076835776092,6.969448847987477,6.995288798344257,7.064324339673677,7.012161389118729,7.154868020409343,7.078903535177966,7.168038377245804,7.07326971745971,7.1308988302963465,7.217910207285977,7.090076835776092,7.052586226860593,7.05857816871672,7.062804047906066,7.113078512407218,7.031369234949314,7.150316916153448,7.286868434712925,7.1780245395243885,7.1308988302963465,7.138510472675671,7.159069707263043,7.1308988302963465,7.21003615085507,7.172447833209219,7.142155984820981
Cordon ,,,,,,,,,,7.8231365064734515,7.639616971722773,,,,7.672496112729092,7.832194539420197,7.662202985405878,,7.882716283625431,,7.603751470099401,7.798728202872002,7.877155836170241,7.7664168980196555,7.710101751507074,7.649692623711514,7.6348040112177635,7.698549423408434,7.8408531291726735,7.672875959167172,7.54037989573907,7.591933789559322,7.692193879751489,7.6468836275594025,7.754590847655041,7.632554151376702,7.647115302697214,7.459642389545902,7.578923552823307,7.837291237606313,7.700516459500909,7.702685153852024,7.717073891304124,7.888594147332251,7.6743299280969,7.655157118183593,7.713686694301394,7.641631113519437,,,-3.912023005428146,7.6863233378546205,7.6412799108231875,7.391776177445438,7.846299872525282,,7.748783526355745,7.688490593252497,7.782219495910032,7.641724454062338,7.77670278948389,7.790144459180611,7.7186369303968565,7.742413443534179,7.90100705199242,7.862083897428193,7.806273023964023,7.765072668151337,7.782976710506565,7.718685495198466,7.764622590385492,7.786676754464777,7.7912561880333016,7.855517477763341,7.895701999762728,7.824046010856292,7.751475318021456,7.876460754184288,7.846024917575067,7.859699114089298,7.868545874002935,7.831942677877717
Country Club Banco Provincia,,,,,,,,,,,,,,5.883250962467749,7.669895331029034,7.18667507324922,7.645354222112916,7.318951061799287,6.551080335043404,7.3777589082278725,7.600902459542082,7.459823861282177,7.313220387090301,7.406002120541268,7.418580902748128,7.423722302248547,7.444157744537778,7.4276307382680455,7.306102919321438,7.435048340738169,7.3495880312611765,7.486132851047635,7.385791079925137,7.376201679779267,7.459251942479056,7.191261980023437,7.354042381610556,7.332638472947403,7.393263094763838,7.376201679779267,7.3777589082278725,7.418580902748128,7.266700371455409,7.313220387090301,7.401773784431747,7.4276307382680455,7.35670549903004,7.380468941962542,7.508529139411067,,,7.06438734966078,7.397518439597793,7.450620256492744,7.434027297765063,7.390672114631051,7.122165150327592,6.884940601215965,6.684611727667927,6.897704943128636,7.293417759794122,7.280891499974941,7.333839674293037,7.343073350239982,7.362010551259734,7.401773784431747,7.4002317640799316,7.4041921652960285,7.29952154273214,7.313220387090301,7.291874094939645,7.332638472947403,7.318951061799287,7.270660772671506,7.350637349589637,7.313220387090301,7.313220387090301,7.340619361278416,7.26159387043117,7.284455833172149,7.26126064815959,6.546741933444807
Country Club Los Cardales,,2.8036545418146717,,4.40048159904724,6.620073206530356,7.428150353764279,4.268697949366879,7.24422751560335,,,,7.031100961427959,,7.004833286202615,7.2078598714324755,7.290747531238243,2.796881414808826,4.206822545648791,5.605401354181827,3.661264287080963,6.7952768847629414,6.574535077747301,4.523090629170397,6.620073206530356,6.342441469932076,4.007333185232471,4.579190316522736,4.314367986200067,6.907755278982137,4.605170185988092,6.943473361584216,7.123978387451773,6.863303516411303,6.854912797607757,6.702960866336124,6.845830384812826,6.802394763324311,6.774223886357614,6.956545443151569,6.888707084011442,6.87001495099929,6.864784064081775,6.158515597484831,6.681999927520687,6.884407914985146,6.878767742108884,6.700115914203892,6.116679359622774,,,,,4.79846077415262,6.67255398300813,7.047517221357296,,6.820743901992508,6.608899905932231,6.666593222165249,4.680534330216789,6.82678621644847,6.907755278982137,6.6850562709070775,6.598434031426875,6.355348172643658,6.355348172643658,6.85192562007921,6.756932389247553,5.721612154876925,6.868534565828856,6.782592136028131,6.522817467489164,6.906542625422423,6.90714895220228,4.799326200429049,6.843216757844566,5.847955978413992,6.5635797748339115,6.968379900798572,6.76610476191911,6.689008103641916,6.4324091996863935
Echesortu,,,,7.600902459542082,,,7.2972200457438605,7.581177954194303,8.065208067673181,7.354042381610556,7.4524824544238095,7.4795416025378145,7.4041921652960285,7.4673710669175595,7.442898210398834,7.4784606905667745,7.309212365692763,7.313220387090301,7.306086401191449,7.379360189594847,7.43963431194596,7.441646175679124,7.277502304488222,7.2876424824596455,7.33061212980217,7.27931883541462,7.290747531238243,7.2972200457438605,7.2236082284006145,7.264430222920869,7.27931883541462,7.217687960368738,7.226209010100671,7.277502304488222,7.254809624933887,7.275480059107454,7.22983877815125,7.28190743907926,7.240649694255466,7.378861241611589,7.200891202116382,7.2549145034928255,7.116847076840696,7.181707158622016,7.195437351433918,7.17741884593124,7.14004340775993,7.158296532623557,7.2015163975103,7.170119543449628,7.180190122013224,7.174383942236085,7.177305203110502,7.1308988302963465,7.264430222920869,7.195437351433918,7.17741884593124,7.115785192486299,7.295093002497745,7.12420984214555,7.144137638540531,7.166019496705615,7.253501152388679,7.2078598714324755,7.233971015436161,7.23407293480366,7.278351561439478,7.2386430999077405,7.264430222920869,7.253038756569627,7.2015163975103,7.240461032807873,7.288219084884884,7.224272901073805,7.245176691831103,7.200424892944957,7.262328918095535,7.23911241493658,7.2782733570130675,7.254626222824249,7.30505707645114,7.19945343728255
El Canton,,,,6.8661613816833,7.387328359244023,,,7.395050405337933,,,7.3916250927595994,7.221412837837178,,,,7.393337749048767,7.406746445101125,7.367287608360577,7.3777589082278725,7.294350223098878,7.293417759794122,7.288219084884884,7.256061973250353,7.287960720331063,7.354042381610556,7.183078837958468,7.3114362652968,7.313220387090301,7.278534829102411,7.195437351433918,7.3465275851080705,7.161989417366378,7.264430222920869,7.27931883541462,7.296826577314625,7.28095952487208,7.239889114004752,7.289233634958864,7.276179115409953,7.29158121198682,7.313220387090301,7.388727939598446,6.979214242964282,7.226209010100671,7.277502304488222,7.225209509767588,7.1666169128984265,7.227074436377101,,7.068378473315013,7.260072917551914,7.223483470119621,7.349936402628574,7.172863029395379,7.234277184750182,7.234083066531578,7.195437351433918,7.1564519047209645,7.172314934013063,7.195437351433918,7.213136928533319,7.290747531238243,7.16440524218619,7.188657664448539,7.282188277842573,7.383837954304255,7.288219084884884,7.172863029395379,7.266762132255848,7.275924602346604,7.175350592867181,7.253048458831273,7.090893495682647,7.367287608360577,7.333839674293037,7.222248608884574,7.30721436303009,7.30868523192491,7.17080828350041,7.096997278620665,7.3095098076937655,7.171040068640133
El Canton - Norte,,,,,,,,,,7.649692623711514,,7.313220387090301,,,,7.4673710669175595,7.412191104649357,7.3916250927595994,7.338538195074592,7.268099951809832,7.282448728423548,7.369100845484758,7.354042381610556,7.256061973250353,7.250700030108967,7.23911241493658,7.41983012214856,7.41383029998953,7.24422751560335,7.260576653604879,7.2476231046044886,7.260072917551914,7.315926748688044,7.33569324294236,7.21003615085507,7.3777589082278725,7.338538195074592,7.340738415984194,7.313220387090301,7.252595765273867,7.227525665985419,7.213136928533319,6.069651966679772,7.327526948842108,7.207500223883193,7.328926503411762,7.236259345954173,7.188268861955305,,,5.298317366548036,7.2982947368736255,7.201349030837056,7.22835416644706,7.195437351433918,7.184008655610295,7.161028571748376,7.241246887465212,7.060518033534548,7.1308988302963465,7.181451109459178,7.0431599159883405,7.240901960362292,7.266762132255848,7.272388059767955,7.101694208867808,7.202479634059331,7.260422201523331,7.229764640923106,7.2355318086357965,7.2355318086357965,7.2782733570130675,7.319262701546264,7.385791079925137,7.195437351433918,7.148520431646166,7.195437351433918,7.143535414300859,6.868170598966459,7.238529494488712,7.148206575657991,7.143535414300859
El Cantón - Barrio Golf,,,,,,,,,,,,,,,,,7.275864600546533,7.214280439235398,7.27931883541462,4.0943445622221,7.237234480112379,7.184008655610295,7.068621900774832,4.892852258439873,4.75932086581535,7.090076835776092,7.044824221525104,6.128569320680046,7.266152876232316,5.1093512670354135,7.2406939430220385,5.133387552465951,7.1308988302963465,7.151266133120781,7.203219491875973,7.216056638636654,7.196650207859127,7.216056638636654,7.186428098682579,6.9891009184360895,6.975760008096194,7.329749689041512,5.7670315049639,7.226209010100671,7.24422751560335,7.249346980709541,7.08043186841691,7.192491841204161,,,5.13715934811535,,4.878463520987773,7.2510431421384105,6.386674409443595,7.066360309158775,7.151952239494179,7.1057085814677885,7.170119543449628,7.170119543449628,7.161028571748376,5.19335693091155,6.041255211610998,7.221083998627693,7.2078598714324755,7.2293389031096,7.217297667937697,7.21649076063175,7.293417759794122,7.179688994465779,7.26630346730255,7.194710078578421,7.216056638636654,7.24422751560335,7.122866658599083,7.200424892944957,7.179688994465779,7.292018179439698,7.101911293423094,7.1034998561082325,7.290747531238243,7.28043056426731
El Cantón - Barrio Islas,,,,,,7.20928946424207,,,,7.454298985350207,7.099646286792242,7.1789080494827076,7.422809238857649,4.421738134910109,,7.354042381610556,7.184008655610295,7.387328359244023,7.387328359244023,7.3777589082278725,7.269607111100403,7.184008655610295,7.237234480112379,7.393263094763838,7.393263094763838,7.2972200457438605,7.36362201846737,7.322189057073062,7.256061973250353,7.313220387090301,7.328834614891853,7.393263094763838,7.318951061799287,7.2078598714324755,7.226209010100671,7.276179115409953,7.3091470617026655,7.32896874405844,7.168548451217587,7.287244900687041,7.232799124531887,7.170119543449628,6.820743901992508,7.110696122978827,7.2293389031096,7.25544258642349,7.306102919321438,7.313220387090301,,,7.219730044002962,6.2958092099003125,7.110696122978827,7.148917335799025,7.205589722897936,7.332638472947403,7.197909540579307,7.095114629806049,7.315145315499886,7.315145315499886,7.052112577515122,7.179217407567155,7.179217407567155,7.238239420079992,7.289409738396583,7.174476848818584,7.27931883541462,7.250144744426851,7.360311994624152,7.282448728423548,7.252595765273867,7.23510260782635,7.309045015679821,7.291604796614362,7.272626990125048,7.291604796614362,7.291604796614362,7.265561658078341,7.361342112583963,7.1421966155897945,7.265561658078341,7.2318092212190415
El Cantón - Barrio Puerto,,,,,,,,,,7.231341189381585,7.090076835776092,7.054358753174013,6.990591284561286,,,,7.2078598714324755,7.325341747622646,7.325341747622646,7.313220387090301,7.242690236284464,7.270660772671506,7.275480059107454,7.300316982254394,5.628740073511702,7.28852777449993,7.224794916063473,7.236259345954173,7.232251324556635,7.195437351433918,7.206686063969789,7.17313159391962,7.348949869081373,7.236259345954173,7.270160897629855,7.282448728423548,7.29641326877392,7.264430222920869,7.264430222920869,7.236259345954173,7.271720656183549,7.153888348521045,7.013115794639964,7.267295560275362,7.281838786349133,7.264430222920869,7.28852777449993,7.2119666533851285,,,,,7.068097929057316,7.289637652869087,7.1308988302963465,7.393263094763838,7.152368534963402,7.231542356076035,7.173458444715143,7.101313263702121,7.1308988302963465,6.951059076461542,7.148520431646166,7.1450468965947165,7.289409738396583,7.26317865781181,7.294528254078148,7.0350170585930645,7.186468681451157,7.182014331101778,7.179473500444904,7.064523761351474,7.106206217705975,7.12700018988069,7.098142283215891,7.179456679445568,7.182014331101778,7.059561291850141,7.264430222920869,7.216612348570377,7.18559103476105,7.221412837837178
El Naudir,,,,,,3.895062390121101,4.253233723669297,4.254513314374922,,,4.1300251572419375,4.155833193550915,2.835883572612095,4.036032587593707,,4.63257430423559,4.142272699638612,4.353682343780355,3.9234808010495272,4.050075882771514,4.398795665732351,4.044919678894578,4.09732773085251,4.009143333200517,4.380850855584869,4.354182608502708,4.605170185988092,4.747892169991727,4.850292644021076,4.712872623090998,4.493756802763439,4.745136230823393,4.603994406899079,4.699977979446758,4.738518301424503,4.593645700136137,4.560834372168039,4.707059994348508,4.698409341113573,4.603994406899079,4.778488911892093,4.773051058627252,4.707028071094715,4.783057145714181,4.7392332355036535,4.739803504435962,4.829482644507283,4.737603280863551,4.832748334370167,,4.855810986759523,4.7961124161316775,4.628427048152359,4.666918193056539,4.689430529605831,4.736615170314416,4.751779815958088,4.900884430137136,5.030053379953357,4.757156542985973,4.739054150919311,4.738118658164747,4.745136230823393,4.653899376406704,4.887312078064257,4.907586918196809,4.689831385632767,5.008415537357942,4.757638779632365,4.6847878139527825,4.972894966113409,4.66232859982804,4.7474864081683465,4.741036835113458,4.876045140123491,4.666918193056539,4.653960350157523,4.661152820739028,4.672888360043042,4.732885438948335,4.606926112690356,4.741621288715948
El Remanso,,,3.3142291090497817,,,,,,3.1623054733798064,4.017383521085972,,,,3.8119395468711637,,6.755874747689418,3.35070291371419,,3.6635616461296463,3.365479299060076,7.081708586105575,3.0493476195341556,3.629353474799909,,6.593639949462201,,3.5639564360260136,7.023537976625434,,,,5.626821433520073,3.6499113945073915,3.5639564360260136,6.845039073995964,3.4080291759538586,6.750569695459725,6.592281189200698,6.745236349484363,3.442644571576329,6.859937404631644,4.135166556742356,6.474663323072148,6.39024066706535,3.582065449828127,6.759205751179195,6.396929655216146,6.6061401122264325,,,,,6.706430775062567,4.439655747510518,6.680538402280291,6.868717172085301,6.463374754624299,3.4539436367121463,4.872156864649134,3.4804645280921123,6.83698620809393,3.4807402142940407,6.733401891837359,7.022824608766924,6.810357896110364,5.761697641651134,6.660193200319782,3.7395258451219116,5.7185666253357095,4.634157722861343,6.551080335043404,3.6669939533113896,3.2002105306488406,3.595451923124228,5.642413528279909,6.746487131386015,6.65905865324331,4.8307677262638675,6.277787000043723,4.5145158177199605,6.617402977974478,4.211557992692463
Estancias Del Pilar,,,,,,,,,,,,3.5448813575383396,,,,7.17741884593124,7.261034633919731,7.4894888721711785,7.429391818852343,7.333839674293037,7.322433339130706,7.257650535935491,7.210704823564706,7.239889114004752,7.28520647135547,7.257650535935491,7.234748771648806,7.336035064856473,7.353789639389804,7.346010209913293,7.429391818852343,7.310542287490039,7.468029178162109,7.372523258294224,,7.492048054630001,7.412538588292165,7.552421605620683,7.371114365509204,7.379241488188096,7.340176197078829,7.1441440570463675,7.059044726528363,7.30505707645114,7.306631340900024,7.347706563161471,7.266700371455409,7.226209010100671,,,,7.468029178162109,7.2850495101236055,7.428059646702671,7.114091711979966,,7.430456790335994,7.313220387090301,7.418580902748128,7.4041921652960285,7.336209905315,5.595903394116762,7.606043859042501,7.357520645986882,7.418580902748128,7.458083638137818,6.632812232307786,7.398378195430608,7.399552485867268,7.409847222779373,7.504275623853011,7.4463967507412026,7.38588850245754,7.359689384919936,7.393263094763838,7.397438466174319,7.460202577438947,7.393263094763838,7.40799879341759,7.509930681336356,7.472738974489857,7.4399720927294455
Fincas de San Vicente,,,,,,,,,,3.209825989348283,,7.025538314638521,,,,2.5672018925148308,7.013115794639964,,3.1501393965163897,7.27661064147774,5.312058402465621,,2.67000213346468,2.8779492378976075,3.1135153092103742,3.2242473686701114,3.2188758248682006,3.7689221617874726,3.215536923602686,3.332204510175204,3.590439381300684,4.346201510521738,3.421816668864891,3.682897382436389,3.4893551190833536,,,,5.4837205898793995,3.709498741316672,3.367295829986474,3.65324297418847,5.072615086450137,3.6088367464404,3.5604047293299503,3.578878558899608,3.6016014460068755,3.5886979762102023,,,3.7297014486341915,3.533974341961193,,3.388209638460525,3.3843902633457743,3.418905905252328,3.5065620639692874,3.3634570536793085,3.4965075614664802,3.5290040861498118,3.450325838340164,3.4657359027997265,3.5916809908160543,3.5325333837232424,3.529017419660926,3.5556045046245544,3.4657359027997265,3.542275979922061,3.4943229017890065,3.4834461530648912,3.4864711387532443,3.3280386402186366,3.443583098158593,3.6809112844647593,3.564335697986793,3.4775703604467294,3.5396934589160804,3.414789463626234,3.3963769431438156,3.3704257229954018,3.4473909199843216,3.3467091963780855
Fisherton,,,,,7.318497444191145,,7.113199253196946,7.346010209913293,7.316798208438185,7.454298985350207,7.631674118208836,7.27399967393702,6.885776372263361,5.068264406932892,7.070274208479912,4.78954858791964,7.248569384812241,7.268703575905103,6.907755278982137,4.719459332390219,7.186783346653584,7.003065458786462,7.1969725360710965,7.155591442886719,7.179688994465779,7.123978387451773,7.259153165820026,7.184387515247333,6.991136887921188,7.090076835776092,6.97019074992293,7.141827900828537,7.037808407230335,7.117105508164011,7.200424892944957,6.959401410279021,7.076504758230548,7.225514806671196,7.05617528410041,7.148520431646166,6.848036044280515,6.991136887921188,6.974694761657246,7.036967010462143,7.123463851808829,7.150701457592526,7.141748846320413,7.043887453306717,6.707084583519986,6.699725365477976,6.996487183761722,7.158568038238301,7.200424892944957,7.1308988302963465,7.090076835776092,7.256061973250353,7.081778032961396,7.059439866314202,7.1308988302963465,7.098810515744846,7.038783541388542,7.301667421352265,7.146898155769256,7.175634724137738,7.156874316699607,7.165996237788485,7.277399447261037,7.108425974444288,7.081866763753421,7.21649076063175,7.242327214934599,7.163992827577431,7.257130920439258,7.394189449623968,6.951839336540864,7.3727463664043285,6.991838396192678,7.090076835776092,7.298137144878973,7.27594323653752,7.213136928533319,7.20168061245724
Flores,7.865771944526511,7.924129469413274,7.9675277343339825,7.666742217037625,7.6975486448891495,7.384679351072446,7.682580490556349,7.6597429595650155,7.600902459542082,7.703796882704715,7.7605326051339665,7.513891082552453,7.592244396798968,7.739603393860147,7.441053758600186,7.82992344171336,7.80682585739136,7.613641485319512,7.655609852535015,7.706262975199909,7.650382516805452,7.7284500351024885,7.651570558535714,7.669895331029034,7.610278328469054,7.58616348458158,7.6368344687681455,7.574585151224709,7.568112636719092,7.585634987411294,7.543744045702134,7.609636139510837,7.555782024261613,7.569811872472052,7.585634987411294,7.536363938404511,7.4936883752349335,7.487573774235079,7.475971847690158,7.4882051538204015,7.497015498129041,7.4757393165880766,7.472069587699114,7.455334498308293,7.458586237361827,7.465253745048958,7.453390719887008,7.423971751383004,7.447851285048241,7.435724572381039,7.438383530044307,7.53346117874655,7.431484307584036,7.4978302744022685,7.409364247643204,7.452774723898343,7.410447750116722,7.408530566894626,7.396601996029353,7.459823861282177,7.43727303576028,7.3574762632727335,7.405841876970698,7.459251942479056,7.431159684954988,7.448886252243457,7.4787528310071565,7.431484307584036,7.436202504097947,7.438383530044307,7.465100918383021,7.481101259729462,7.501272618593241,7.501647501446741,7.495541943884256,7.488179467828228,7.49268887490185,7.481950516680717,7.504887806302493,7.496833099647876,7.487573774235079,7.446751779714824
Floresta,7.925142127727661,7.325490479682116,7.567000907866401,7.767956544205249,7.762170607138205,7.709116044182315,7.765205510833359,7.536363938404511,7.45298232946546,7.469874197135678,7.044956400495622,7.669895331029034,7.650283707458008,7.52327452941825,7.600902459542082,7.549609165154532,7.518229484151051,7.717573766345775,7.595342874457476,7.653088212712652,7.543744045702134,7.600902459542082,7.532583215564605,7.563162131559236,7.548059978167703,7.520480892231508,7.571049496392401,7.447124844445881,7.502505664840838,7.463127355600452,7.484234872969565,7.516690326719936,7.486126944949654,7.471564730375596,7.43963431194596,7.497224030067241,7.454948546919002,7.4276307382680455,7.362010551259734,7.3685704821734666,7.441837764912395,7.425337685211008,7.389058463481806,7.343073350239982,7.347121938765983,7.410282099933433,7.342207923963554,7.407152206924505,7.307141341013919,7.387328359244023,7.422809238857649,7.266920106845362,7.287244900687041,7.3232707229438025,7.282136130726588,7.320942433184212,7.294172192119607,7.258530500793682,7.2928115154590945,7.2972200457438605,7.264430222920869,7.267758013013544,7.300797867091744,7.296125953731002,7.3174442582064865,7.26829869969879,7.336342804511156,7.27931883541462,7.298621587669149,7.313220387090301,7.335199293809077,7.311886164077165,7.41774687419778,7.396108046896069,7.402832545779988,7.372589707892303,7.346010209913293,7.351372153054678,7.347580060947007,7.403312874186868,7.367692302838357,7.342640637101768
Florida Belgrano/Oeste,,7.222466023821838,7.665619694551932,6.840096630508322,7.452482454423809,7.5072684691774425,8.612503371220562,7.595889917718538,7.529674950253715,7.426363043190182,7.446751779714824,7.431003422746685,7.628301433730197,7.610471910558233,7.173458444715143,,7.548258726056661,7.830690553574961,7.686262308493239,7.786305682873445,7.455335642026592,7.481101259729462,7.565184376940003,7.449931432632204,7.543744045702134,7.564534815371208,7.495541943884256,7.455394875870844,7.548942720611372,7.556529607999106,7.49170316757709,7.285914936400034,7.585398273006117,7.590852123688581,7.418580902748128,7.446751779714824,7.488573274568163,7.33569324294236,7.516937079424748,7.515744651201776,7.486573273901495,7.295134536985191,7.297952914959513,7.373583536817392,7.29641326877392,7.426363043190182,7.346010209913293,7.24868186595273,7.50475859898918,7.436280479847529,7.28043056426731,7.460450624072986,7.313220387090301,7.343073350239982,7.3481584384515815,7.354042381610556,7.27675070730891,7.371489295214277,7.30721436303009,7.331569525758498,7.384679351072446,7.2709449039420635,7.204376036774678,7.3777589082278725,7.484478322586428,7.286590554015927,7.275924602346604,7.274686723088059,7.338538195074592,7.404260114766435,7.362491436097084,7.359740402725194,7.437014604436966,7.403571404886965,7.337115719008476,7.3900075303040715,7.289369171268121,7.3605646514390894,7.278230447245997,7.372060887113235,7.337173628112795,7.315498295358232
Florida Mitre/Este,7.911057387845922,7.261927092702751,8.111728083308073,,,7.872836175025724,8.16579530457835,7.628553990872592,7.548942720611372,8.067521990803577,7.7693985687970475,8.15207937883164,8.111728083308073,7.78162529497234,7.491340257030556,7.765205510833359,7.894004599463202,7.807238892539911,7.785636562741421,8.063595597557612,7.824046010856292,7.875871078720878,7.735492613514847,7.804814648928405,7.839794367824432,7.767956544205249,7.866658671750951,7.726782705431085,7.8666546436815095,7.732829718130032,7.77525584668686,7.696212639346407,7.751475318021456,7.728735831051967,7.7816504518886065,7.755053139369341,7.7082852205806764,7.7406644019172415,7.702685153852024,7.69105355653638,7.687913836531712,7.684721131425154,7.630604036730577,7.6568817272839835,7.661527081358517,7.696212639346407,7.673223121121708,7.571890539483894,,7.686844889342807,7.600902459542082,7.725311170170603,7.610471910558233,7.630755422691763,7.627006982225732,7.614695781674418,7.677613219110142,7.85183802818595,7.710717325549289,7.652195753929632,7.64099691674396,7.648155344392628,7.671233494431368,7.6359937793533526,7.766268210189481,7.720718921295616,7.696212639346407,7.742950117198097,7.629073336508779,7.784825297703011,7.696212639346407,7.706262975199909,7.6967231039134605,7.72226331654635,7.688679753787288,7.728735831051967,7.730658057284625,7.707398049467178,7.799606186825021,7.641259121315861,7.721256266860499,7.657988032212073
General Paz,7.334273796288134,7.706262975199909,7.919356190660617,7.570443252057374,6.858158337842765,7.569153761227502,7.056790858142625,7.479205524564563,7.543744045702134,6.628041376179533,7.141748846320413,,7.282448728423548,7.70787457909425,7.346010209913293,,7.405157882415987,7.2078598714324755,7.395475156845781,7.33123889259298,7.030890419679251,7.191117690289402,7.101911293423094,7.176933879869359,7.195437351433918,7.07326971745971,7.177324749347177,7.153888348521045,7.023268166103981,7.1308988302963465,7.059305177109338,7.048833877242043,7.07637799141793,7.003065458786462,7.113463768474245,7.195437351433918,6.967474513683759,6.987797986655673,6.982067311946689,7.00699041943041,7.036995068429906,6.9532176530588945,7.047517221357296,6.969630682700225,6.948118324040976,6.994766655971767,6.96234346926654,6.907755278982137,7.277115382448185,,,7.1308988302963465,7.104819117513295,7.1308988302963465,7.067075856471208,7.2206276002624765,7.070274208479912,7.149895330987002,7.0946851633285535,7.063834599715801,7.043887453306717,7.108425974444288,7.09755314304701,7.24422751560335,7.098109007473356,7.045537020749247,7.121857576520965,7.14232752611997,7.1441440570463675,7.1927742340144345,7.24422751560335,7.06494086250455,7.2859466639406865,7.237822369606089,7.237234480112379,7.182192124683898,7.242858640997307,7.274686723088059,7.231994947167715,7.275480059107454,7.212828722564199,7.227042690849249
Haedo Norte,7.483119423885699,,7.140560741208084,7.343073350239982,6.753604599154879,,,,7.003065458786462,,7.454298985350207,7.824046010856292,7.26954532358764,7.367287608360577,7.396990270155761,,,,7.231994947167715,7.27399967393702,7.558342845123287,7.322189057073062,7.381848893479398,7.618455618789672,7.543744045702134,7.679020238806034,7.313220387090301,7.611484568872619,7.267129279890034,7.2858214129021865,7.2228363256220325,7.4673710669175595,7.495541943884256,7.493997542032882,7.413690917453936,7.322560218366079,7.454298985350207,7.405186165644237,7.146984968047971,7.270660772671506,7.192879801100533,7.243339415902723,7.363992712463725,7.269257263669186,7.264430222920869,7.250245587928913,7.170162928338678,7.318918408204939,,,7.218535870434453,6.944419263353728,7.172863029395379,7.189578096985807,7.239532671299142,7.461140517166924,7.290747531238243,7.115394643760381,7.264430222920869,7.2276066343673095,6.808909444345504,7.479205524564563,7.359740402725194,7.518639888833361,7.318497444191145,7.388727939598446,7.136596851410984,7.347446597319655,7.1566513263987614,7.239532671299142,7.359740402725194,7.28852777449993,7.167266474467222,7.4815557019095165,7.313220387090301,7.297413769107504,7.3906406735509,7.418580902748128,7.280159524829413,7.27399967393702,7.30505707645114,7.346937861889561
Haedo Sur,7.432483807917119,7.018980914092362,7.536363938404511,7.29641326877392,7.708533123734448,,,7.992944547318106,8.17544389769418,8.099457990716258,7.444556389151389,,8.006367567650246,7.600902459542082,7.646512970794134,,7.824046010856292,,7.313220387090301,7.4041921652960285,7.57220512823314,7.5865137220899825,7.487573774235079,7.354042381610556,7.578923552823307,7.527877324527193,7.513891082552453,7.596151856783485,7.568467183788928,7.4795416025378145,7.307141341013919,7.441053758600186,7.536363938404511,7.483199778564436,7.56363106474485,7.363864119909056,7.509930681336356,7.416077772530009,7.4888974011655876,7.276179115409953,7.338538195074592,7.347453558732544,7.1441440570463675,7.490554402373217,7.453948046585419,7.406746445101125,7.2850495101236055,7.610443307390076,,,7.503705948092383,,7.213136928533319,7.487573774235079,7.33061212980217,7.29641326877392,7.486492108364338,7.39173365271194,7.421854228093097,7.422919304346726,7.6637033607811125,7.2850495101236055,7.202872329921436,7.45612797534338,7.252595765273867,7.52294091807237,7.34738000907904,7.583710059001709,7.509335266016592,7.234305118697472,7.256061973250353,7.226209010100671,7.362151010561882,7.54795560613234,7.385791079925137,7.536363938404511,7.256061973250353,7.257741234770073,7.335199293809077,7.2301837841922785,7.3685704821734666,7.446751779714824
Haras Del Sur,,7.17999616694554,,,3.506557897319982,,,,7.488539491355038,,,,,,,,7.468842737529016,7.310993211915611,,4.1588830833596715,,3.7778418239621265,7.205006802450069,7.205006802450069,6.522909458076708,4.1588830833596715,3.689485882326541,7.205006802450069,7.003065458786462,3.481240089335692,6.146273121767001,3.485938610117246,3.4011973816621555,3.5269129159621424,7.287244900687041,6.9010662908313405,6.638422345198553,7.182192124683898,3.6635616461296463,,3.6635616461296463,6.863303516411303,3.357345499133306,6.783702630312158,6.936742815855389,7.0431599159883405,7.067419016565703,3.2188758248682006,,,,,,,6.907755278982137,7.090076835776092,6.551080335043404,6.725433722188183,5.180980659843494,6.839030863877474,6.624081227927895,4.603565678830245,6.992076005427075,3.571096418457553,5.139991315310298,4.297861435657001,6.968379900798572,3.2300135692786567,4.005335182569798,4.170395248626099,6.711147035966155,3.6470979200989815,3.7612001156935624,3.6566101935451507,3.761470459036185,3.4720717212488124,5.1340653330620185,4.072583070440588,3.248304635559013,3.912023005428146,3.5553480614894135,4.056698070204385
Haras Santa Maria,,,,,7.295520809990901,7.157101202690371,,7.248262490815529,,,,7.269735275150563,4.065951487720882,7.345396633055525,7.600902459542082,7.330388190712667,7.294528254078148,7.298621587669149,7.173458444715143,7.2228363256220325,7.051596315208028,7.079073762431761,7.22835416644706,7.127859307258156,7.1308988302963465,5.903334323179548,7.111354234223376,7.090076835776092,7.091328400885151,7.1308988302963465,7.095807510485077,7.1104742462643,6.929814997046869,7.036504261726445,7.15725086204163,7.231994947167715,7.121329379280196,7.10758084810351,7.24422751560335,7.154615356913663,7.2078598714324755,7.256061973250353,6.907755278982137,7.159069707263043,7.110696122978827,7.223989253362359,7.035721966050738,7.231994947167715,7.206151476002774,,7.093415737041607,6.905576626297659,7.095114629806049,7.111096203000167,7.067719928674815,7.090076835776092,6.990591284561286,5.991464547107982,7.110950581796691,7.034049004306429,7.097624041411475,6.907755278982137,7.067087317551393,6.859746059795777,7.113336496220667,7.116578776521599,7.154319104504445,7.182858569227058,7.226689894938023,7.172284046459201,7.1428750213430625,7.116847076840696,7.095828220243,7.1733351571173225,7.148917335799025,7.211437692780359,7.123463851808829,7.0291161359864045,7.1891677384203225,7.0449359203610324,7.233177679416765,6.8143115324676415
La Barra,,,,,,,,,,,7.55324736963992,4.315577012094654,,,,7.855979057959301,,7.72790215030339,4.696346066653962,7.217910207285977,12.670378253661271,7.574926973138822,7.992616396037422,7.632224930671123,7.2078598714324755,7.613974541109435,6.345944100483279,7.567000907866401,7.687634155366416,7.684017366252589,7.317998580450411,7.588781099009737,7.737590629005336,7.7621732667056,7.755053139369341,7.687758671640157,8.040959012419865,7.712139292797894,8.096152871522602,7.680945167215619,7.2850495101236055,7.884599181985488,7.712139292797894,7.7440033031827555,7.7406644019172415,7.762170607138205,7.708611223033976,7.783224016336037,,,,,,,7.7009859180990645,7.738103581055567,7.856761500816588,7.807238892539911,7.773180637052668,7.888584531993863,8.011999163789602,7.765205510833359,7.585634987411294,8.049852679589986,7.66686042733388,4.917315730618246,7.888584531993863,7.937374696163295,8.152971041842122,7.78044237337416,7.929406526514119,7.943589300655365,7.665440980679653,7.882314918980268,7.84730287302056,7.829109312812839,7.485195651830112,7.703418023067678,7.743004800853166,7.907196379188463,8.036445820717692,7.680945167215619
La Florida,,7.200578750934337,7.024676617041039,,6.382632350515322,,6.802394763324311,5.278514739251857,,,6.497855573806107,7.145713916081488,,,7.313220387090301,7.469400151144341,7.264430222920869,7.24422751560335,7.170119543449628,6.907755278982137,6.8277125713086,6.8749654561591464,6.774223886357614,7.215640058751437,6.9385269376488905,6.753194077137312,6.884224781571943,6.918337388312674,6.884940601215965,6.687978743758599,6.828686755506444,6.871387634811263,6.902057257867499,6.762647318528617,6.820743901992508,6.700115914203892,6.701903224777988,7.077976428842004,6.907755278982137,6.907755278982137,6.653974758206037,6.649682886360342,6.849486370858162,6.688701712919452,6.796823718274855,6.691300715818724,6.6458488009923835,6.753604599154879,,6.445781470245074,,6.740701194318971,6.54003049885682,6.58339605243483,6.691300715818724,6.725433722188183,6.815013227283522,6.309918278226516,6.648741101399928,6.650210300950595,6.557229098948607,6.286898712827746,6.558249128975966,6.753604599154879,6.620073206530356,6.641589364488659,6.379645229492969,6.843216757844566,6.711044984736083,6.660895201050611,6.899723107284872,6.745236349484363,6.859603604674895,6.900121542916743,6.818963807104623,6.636602508481567,6.734129429155736,6.628852894182402,6.745236349484363,6.674781380773901,6.71612480358356,6.625659856829419
La Horqueta,,,,,,,,7.247900920969659,,,,,,,,,7.379988563555142,,7.968567742945277,7.8219697829118795,7.606133508959635,7.5346530740008815,7.4524824544238095,7.4524824544238095,7.559714901135468,7.5883236773352225,7.449352561414881,7.434945114640368,7.5267944873883605,7.5186643613051105,7.402832545779988,7.5468352382718065,7.47122463623355,7.384345545496064,7.567000907866401,7.47122463623355,7.379988563555142,7.570443252057374,7.718685495198466,7.58947376371846,7.333839674293037,7.444556389151389,7.18973933031928,7.365952395640884,7.246529012591629,7.384084467004652,7.344897243743872,7.191261980023437,,,,,,7.344897243743872,7.64057197032772,,7.259153165820026,7.262912771073292,7.314700772260736,7.220326640197605,7.404302230785105,7.259153165820026,7.27931883541462,7.404302230785105,7.344897243743872,7.355780001509097,7.372457299584282,7.3137951658637945,,7.6336922823650735,7.544812992891039,7.295928889980241,7.568699319047448,7.497361780601242,7.520859751868546,7.536363938404511,7.364652560722572,7.4673710669175595,7.3645136814778525,7.425698370516992,7.617863230482323,7.452321495783055
La Lomada De Pilar,,,,,5.544217904984863,,,,,,,7.252595765273867,,,7.8404409222677875,5.305877251355977,7.580767551133026,7.4998063426707136,5.781930426789143,5.727051101595555,7.567566039274491,7.572997821482257,7.345852327640512,7.636529637185234,7.457801615901409,7.591893206790743,7.5516314105352995,7.600902459542082,7.449352561414881,7.575584651557793,7.425406867818528,7.578429603690024,7.513891082552453,7.511495871826498,7.438383530044307,7.6147915717027495,7.57228365423643,7.631534463156587,7.581459190946903,7.575584651557793,7.488573274568163,7.63864278752493,7.514947049154024,7.488573274568163,7.6761258807796695,7.513891082552453,7.530284892328129,7.5758275676993465,,,,7.57228365423643,7.495541943884256,7.600902459542082,7.600902459542082,7.677617377122944,7.651604562662045,7.599901458206746,7.64636483361884,7.600902459542082,7.518722292911186,7.655207804399624,7.528581797962456,7.721744489157059,7.600902459542082,7.600902459542082,7.709354167769582,7.600902459542082,7.677210652605407,7.567340280568626,7.527589926910615,7.442111400158322,7.6795233957405475,7.4833466707904375,7.6348040112177635,7.600902459542082,7.673985316280559,7.627516108060172,7.712078252601724,7.6769946907289395,7.731523002514532,7.669895331029034
La Lucila Libertador / Rio,,8.209966522891486,,,,,7.590245165068095,,,,8.863697851642616,,,7.944673998644907,,8.411832675758411,7.810501785748535,,8.448200319929287,8.345342934489578,7.9509803482190735,,8.421883011611913,8.081330606123702,8.105338285209301,,8.28835161898739,8.11423121352619,8.146129510025405,8.697588652053094,8.109261990812879,8.097339345855973,8.283578340234733,8.697588652053094,7.947781206987463,8.411832675758411,8.020756305102346,8.298939625396219,8.381061017091657,8.331476045621145,8.298939625396219,8.383661798791715,8.062457034301291,8.05606723620252,8.425625997890746,8.241262135499975,8.658219301136093,8.070340851389766,,,,,,8.418753118602984,8.331476045621145,,7.819817674746771,8.16935719614471,7.970649485048168,8.418753118602984,,7.824046010856292,8.160518247477505,8.07274263659512,8.160518247477505,8.150948796461355,7.970649485048168,8.041523824634824,8.369489347703603,8.364225435035673,7.948444919917542,8.331476045621145,8.1886891244442,8.160518247477505,8.474021019551028,8.504686172955154,7.977740648721066,8.351678752938664,8.1886891244442,8.193095295067398,8.24075038496956,8.066799918747142
La Lucila-Vias/Maipu,7.467926776851282,,,,,,7.86971604768948,,,7.17741884593124,7.872836175025724,,,8.334871634622283,8.038300614753256,,7.838574111419202,7.611772131778986,7.886349894192447,7.661527081358517,7.824046010856292,7.7143470935998675,7.7440033031827555,7.857947562531973,7.353066295637501,7.8049978158855975,7.8049978158855975,7.904368399695125,7.911057387845922,7.818265599655755,7.803843303538772,7.630755422691763,7.834517310723587,7.74993803870257,8.093233500671909,7.748386448011152,8.006367567650246,8.041458887461516,7.762045435025898,7.755053139369341,7.696212639346407,7.669895331029034,7.824046010856292,7.680945167215619,7.824046010856292,7.670635797556757,7.734918230960285,7.630228218388192,,,,,,,7.585681946791464,,7.630755422691763,7.72396255229931,8.0870540751958,7.685047136049636,7.690514618231769,7.771286039994129,7.844248718173811,7.803843303538772,8.110496556058827,7.600902459542082,7.838574111419202,8.065075168477025,7.723666644335454,7.7950584739830395,7.777833167701161,7.555782024261613,8.106212902619962,7.864209292585077,7.879615862011103,7.84959908528091,7.698882867902286,7.762170607138205,7.772894855953204,7.684287031435318,7.777833167701161,7.754558634710998
La Perla Norte,,,,,7.72396255229931,,,7.6678419422171915,7.600902459542082,7.675010431695804,8.10029938748445,,7.3645136814778525,7.487573774235079,8.081875120158392,7.549609165154532,7.70638796738806,7.6336922823650735,7.769978789586016,7.418580902748128,7.433848374878917,7.4757393165880766,7.520859751868546,7.63912367236228,7.581626966013755,7.5195568200881295,7.662432505920696,7.501312300345592,7.498623610421665,7.581266485025224,7.489676824431858,7.434581244094569,7.57191492266883,7.517520850603031,7.5267944873883605,7.416578900077455,7.361422488908179,7.3495880312611765,7.365900644919215,7.650477245171932,7.487573774235079,7.459642389545902,7.540942153377077,7.5412007072051255,7.313220387090301,7.520859751868546,7.401773784431747,7.3495880312611765,,,,7.668783602176343,7.153483056963981,7.4673710669175595,7.446751779714824,7.351372153054678,7.681525550284725,7.533184285487131,7.3495880312611765,7.591423715587538,7.558342845123287,7.522365709543425,7.427991779868422,7.4673710669175595,7.45298232946546,7.426214638813523,7.637716432664798,7.367287608360577,7.459823861282177,7.351372153054678,7.677613219110142,7.45298232946546,7.5468352382718065,7.657597803218628,7.558342845123287,7.600902459542082,7.481101259729462,7.4673710669175595,7.377091448205151,7.474236163323511,7.606879252948553,7.409532767156018
La Perla Sur,,7.438383530044307,,7.600902459542082,,,7.748957087753295,7.5075468899810796,7.666285218804934,,,,7.347121938765983,8.044833848478042,,,7.813995675002791,8.00576132331522,7.359740402725194,7.687913836531712,7.824046010856292,7.667609850216122,7.455394875870844,7.413009857698673,7.346010209913293,7.47501877340145,7.653342274952321,7.827550913605005,7.4524824544238095,7.689009727052349,7.313220387090301,7.435992008045112,7.375352168197308,7.418580902748128,7.498623610421665,7.609201262356778,7.473069088032197,7.338538195074592,7.59890033136989,7.696212639346407,7.536035099195026,7.548292509269785,7.3777589082278725,7.4629430154018275,7.4468920079647765,7.4533509742932145,7.327926534479997,7.383178975697212,,,,7.519303815659203,7.342419541782563,7.578841992068389,7.275480059107454,7.495541943884256,7.520859751868546,7.372218727852257,7.560347523375665,7.352441100243583,7.338538195074592,7.49079814638606,7.518162395610291,7.323048476026564,7.359740402725194,7.313220387090301,7.418580902748128,7.351372153054678,7.438383530044307,7.354042381610556,7.43227974710629,7.359740402725194,7.351372153054678,7.560347523375665,7.351372153054678,7.337611840214461,7.509930681336356,7.457114566750371,7.600902459542082,7.4818430995260945,7.591264712777919,7.51473044664785
La cañada de Pilar,,,,,7.2966910851390905,,,,,,7.367287608360577,7.327088764576102,7.205467525793855,7.338538195074592,7.1853870155804165,7.387328359244023,7.278129067279031,7.256500762221032,7.233177679416765,7.054358753174013,7.222086389726137,7.195437351433918,7.19722147322742,7.226209010100671,7.198242402361527,7.114725971050746,7.224326361286055,7.226209010100671,7.218475019500936,7.151377361639887,7.206610652032043,7.202678512690477,7.201667901184554,7.297952914959513,7.1308988302963465,7.257650535935491,7.2477631704356575,7.170119543449628,7.286653359705579,7.271977428556252,7.229680374856131,7.199259612737201,7.153204587810645,7.218475019500936,7.184966051566622,7.233177679416765,7.256171556287009,7.188287638617265,,,,7.215798274082833,7.215722022605424,7.282448728423548,7.1596089361787785,7.232251324556635,7.226209010100671,7.167050041075946,7.242470605953452,7.185958607479375,7.187469181784741,7.164787048549805,7.196839876897722,7.172863029395379,7.215798274082833,7.22012996402429,7.226565740149321,7.211660186940805,7.221234958982438,7.202554819202782,7.233049062052713,7.157567077378508,7.376021288329332,7.236259345954173,7.324393687688427,7.15758472400212,7.387328359244023,7.213136928533319,7.1474281322475575,7.228062578749995,7.3258059805241285,7.309196236790576
Lagoon Pilar,,,,,,,,8.152550077828328,,7.970649485048168,4.593842185682884,5.000684963243088,,,7.88592141457438,,7.857331988489759,4.5651648513743925,7.878113232126568,7.183542563781769,7.89000397864809,6.997367437671824,7.698882867902286,7.466934510566534,7.462066014687866,6.917101141400375,7.8366247930631525,7.388255573033216,7.653088212712652,7.464189853628625,7.709756864454165,7.545332608387271,7.896366672435918,7.450079569807499,7.487573774235079,7.875339305243843,7.513891082552453,,7.371402342473037,7.55438244390719,7.917845317803692,7.388727939598446,7.275480059107454,7.769978789586016,7.644387571481821,7.723504781634415,7.553556338944884,7.892494266243711,,,,7.919356190660617,7.835273073450075,7.781486396437496,7.919356190660617,7.824046010856292,7.824046010856292,7.790144459180611,7.9630171267766325,7.734433852166605,7.689455856883527,7.737034633866663,7.575584651557793,7.755053139369341,7.67786350067821,7.669895331029034,7.55438244390719,7.765205510833359,7.534944491750285,7.359740402725194,7.677653018671314,7.6597429595650155,7.710685324525246,7.689455856883527,7.645354222112916,7.5693887866466785,7.618062079824909,7.578923552823307,7.755053139369341,7.856835833679283,7.661687350611204,7.590431159674787
Lanus Este,,5.795897763564007,6.214608098422191,,,6.472437207724291,,,7.221412837837178,7.495438425189351,,,6.8505968651421885,6.9767481504690885,6.190891571804876,6.214608098422191,7.543744045702134,7.075892200784136,7.451370725571119,7.3654061402608715,7.090076835776092,6.965384391818773,7.206514315158309,7.075991397292744,7.290747531238243,7.049318843303924,7.003065458786462,7.240899725510675,7.1308988302963465,7.1308988302963465,7.081708586105575,7.184966051566622,6.994766655971767,7.264430222920869,7.223272150427362,6.956871729848935,6.968379900798572,6.963844745633181,6.952207041552971,7.090076835776092,6.951240390921876,6.881437970664764,6.963844745633181,7.122029418127656,6.967474513683759,6.962563515477132,6.860502394131592,6.889566911421493,7.287493746295843,6.964913692822085,6.931012141146404,7.210941537969883,6.710502716144692,6.890948160665756,6.8972839791148415,6.907755278982137,6.907755278982137,6.8185241452541945,6.897704943128636,7.195437351433918,6.907755278982137,6.968746036535194,6.893156479560984,6.970278829699858,6.907755278982137,6.987270838478221,7.086447067725513,6.907755278982137,6.789347047931836,6.993115127933294,6.775487310404387,6.857858307837514,6.907755278982137,6.856461984594587,6.907755278982137,7.013115794639964,7.0287078893998,6.887552571664617,7.032432292847876,7.012346267860934,6.847130657165702,6.906325686172543
Lanus Oeste,7.384679351072446,,7.553274410552827,,,,6.578109007431324,6.997367437671824,7.195437351433918,7.3777589082278725,7.17741884593124,7.911057387845922,7.072544679158695,7.578942842574664,7.543744045702134,6.997367437671824,7.275480059107454,7.200742403663611,7.182192124683898,7.722046842901171,7.308294238868795,7.254951478966325,7.074386620033004,7.2402434307787615,7.331074479232127,7.179688994465779,6.835184586147301,7.170119543449628,7.359740402725194,7.203219491875973,7.313220387090301,7.2533433490113595,7.382213258577253,7.303774202638251,7.319735068111495,7.3495880312611765,7.136596851410984,7.23027130410955,6.667164814064207,7.259599295651204,7.264430222920869,7.003065458786462,7.1308988302963465,7.173458444715143,7.1034998561082325,7.195437351433918,7.108425974444288,7.061905958809396,7.401773784431747,7.272398392570047,7.213136928533319,7.397303504300843,7.313220387090301,7.178630233117537,7.3855410486699276,7.064632601089113,7.111486519307793,7.1158473373177875,7.065979284197031,7.191699029323311,7.324916426853493,6.968842970961975,7.013842538953955,7.1566513263987614,7.146166302427135,7.025538314638521,7.108421428979412,7.0491866719900536,6.9767481504690885,7.09465024596853,7.067829215832816,6.8738537273064555,7.235626778148668,7.09347242477723,7.262291944537239,6.860127070077803,7.060518033534548,6.991136887921188,7.048833877242043,7.104204215035302,7.107244639398457,6.9958036833174475
Liniers,8.175890027525359,,7.838752158245987,6.9156813442545575,6.951772164398911,7.656991926193126,7.623375315394141,8.00097671901537,7.428248308150264,7.824046010856292,7.880216282323347,7.786305682873445,7.718685495198466,7.600902459542082,7.846024917575067,7.668343740337615,7.716057372792196,7.696212639346407,7.7388882025159855,7.798070524453031,7.630316344748375,7.680367761543772,7.584259470725349,7.640183620793634,7.587657232792062,7.515744651201776,7.600902459542082,7.585634987411294,7.546414274258012,7.47830013744975,7.618193956652143,7.5840953412257015,7.600902459542082,7.608565332287651,7.441053758600186,7.575584651557793,7.5186643613051105,7.549609165154532,7.446751779714824,7.457801615901409,7.436415770384162,7.513891082552453,7.47830013744975,7.495541943884256,7.418580902748128,7.389681553184778,7.387460994034323,7.3777589082278725,7.384679351072446,7.384679351072446,7.464289400380151,7.382213258577253,7.403793202593748,7.449352561414881,7.3495880312611765,7.460202577438947,7.388727939598446,7.389593365874876,7.384679351072446,7.4524824544238095,7.458586237361827,7.313220387090301,7.307649342040846,7.457801615901409,7.4757393165880766,7.455310108040591,7.433064060992603,7.363230807664963,7.406746445101125,7.430338868922243,7.4399720927294455,7.402832545779988,7.462597788164902,7.495541943884256,7.441439040824178,7.4673710669175595,7.397303504300843,7.481101259729462,7.508964964216397,7.487999125175236,7.5046744274475286,7.418580902748128
Lomas de San Isidro,7.732754590646885,,,,6.620073206530356,,7.671938232658834,7.8632667240095735,6.617803057995817,7.642575155942651,7.373845008906736,7.739438837438808,,7.516606777551056,7.9517652944168535,6.369464155174398,7.521765138983358,7.406310810156313,7.447359867298171,7.616341589517782,7.404396267756171,7.7148467188913,7.539027055823995,7.590431159674787,7.501962511687179,7.598399329323964,7.491340257030556,7.564278880884847,7.458111741504763,7.455720449697584,7.536363938404511,7.598399329323964,7.543744045702134,7.6348040112177635,7.195437351433918,7.509930681336356,7.568112636719092,7.495541943884256,7.679185656360714,7.569811872472052,7.687634155366416,7.147705948612728,7.636447396961493,7.450147368715962,7.338538195074592,7.2421244654065715,7.317776203626162,7.571049496392401,,,7.549609165154532,7.499026267966867,,7.513163545234075,7.269381476323906,7.537364438738095,7.257741234770073,7.467162776974952,7.568112636719092,7.2841029885195745,7.408530566894626,7.030579624354751,7.484239788815548,7.458586237361827,7.658248381085437,7.570970431943646,7.4041921652960285,7.4673710669175595,7.555782024261613,7.487573774235079,7.638279470503094,7.571745875250627,7.374120008090795,7.442111400158322,7.547198280570221,7.489970898834801,7.455720449697584,7.54705922752126,7.462020667319055,7.443361936222135,7.461545758307572,7.433848374878917
Los Hornos,,,7.2858214129021865,,6.9532176530588945,6.994766655971767,7.324341575399734,,7.0287078893998,7.278129067279031,7.005735687342341,,6.659293919683638,,7.110696122978827,7.217910207285977,,6.870615732032681,6.705231014870663,6.684611727667927,6.828222931667293,6.630123542383858,6.57611008310924,6.7514092085914434,6.7514092085914434,6.671366500917907,6.54965074223381,6.754992524429727,6.549207090661724,6.588879320312948,6.470517188261563,6.551080335043404,6.536423177243432,6.417548942418882,6.3355607088398544,6.522092798170152,6.579251212010101,6.405625526572081,6.322821683062425,6.337668191179419,6.522092798170152,6.476972362889683,6.437751649736401,6.106977434229826,6.321966616742691,6.345228280839256,6.15006957728462,6.279146619559763,,5.991464547107982,4.033858358289478,6.270017735272981,6.332391134078575,6.388961485566969,6.437751649736401,6.385756354618021,5.713832810509702,6.156339190298216,6.2226532463044055,6.228076315473058,5.991464547107982,5.893527285508653,5.926926025970411,6.145615226935241,5.9283987810852885,5.881463651893654,6.1427823638509365,5.944944531473089,5.792613688362817,5.796564208107167,6.020140195343715,5.854889012102231,6.148719995623395,6.4281821987202505,6.345228280839256,6.25265141271035,6.476972362889683,6.214608098422191,6.325833733532416,6.3932998871655675,6.377999391459039,6.336825731146441
Los Troncos,,,,,7.597518361557841,,7.6255950721324535,,5.472670753692815,4.605170185988092,7.888584531993863,7.41236964274885,6.658235798458691,7.013115794639964,7.661527081358517,7.567000907866401,7.923675851805133,7.595204438427444,7.42322128230463,7.605234900984945,7.257870292007136,7.418580902748128,7.195437351433918,,7.013115694639959,7.304170551570383,6.541570145042413,7.017949497341032,7.1441440570463675,7.313220387090301,7.541479039071281,7.159069707263043,7.313220387090301,7.5468352382718065,7.37037880093025,6.725433722188183,7.313220387090301,6.6903424023769125,7.215940013760435,6.541570145042413,7.4728067568618775,7.060518033534548,7.29641326877392,7.240461032807873,7.161989417366378,7.00363705068542,7.360046790921433,6.708482946350342,,,,,,6.6903424023769125,6.907755278982137,,6.907755278982137,,7.110279543093611,6.838762407495186,6.627159152919842,,7.438975573211081,,7.388121695263419,7.713380442968773,7.576194779760407,7.1493043327223695,6.541570145042413,7.148917335799025,7.210134000782235,6.62365102787824,7.202357794278492,7.067660991196847,7.018103336151002,7.390723948245162,,,7.3750957908083885,7.214283402189581,7.261093169377023,7.07138470276394
Ludueña,,,,,,6.239179359152697,,,,,,,,,,,6.8277125713086,7.195437351433918,,6.731625692436103,7.450438809941182,6.684611727667927,6.571283042360924,6.3016194754118215,6.987797986655673,6.356924320602447,6.684611727667927,6.858362523652561,6.702960866336124,6.571283042360924,6.513101086978188,6.694181178684078,6.4108187673768136,6.54003049885682,6.435335116483326,6.551080335043404,6.694181178684078,6.437751649736401,6.4315210999857655,6.042757841495533,6.191793420656021,6.610503755514205,6.436040785332772,6.537571985018612,6.185049296180647,6.45577015523908,6.463304724161019,6.18562056154894,,,,,6.253828811575473,6.620073206530356,6.374114977449975,6.207782133351792,6.344285921730725,6.624463050356379,6.515713191206113,6.399875165445903,6.0968250627658085,6.395503120724943,6.649272361222619,6.283600969909143,6.3252736663097116,6.287939371507742,6.432363241691968,6.530477374637843,6.079688780522821,6.332391134078575,6.32121783348045,6.288716070575914,6.531277707747225,6.4200520726370005,6.355757085322629,6.36875877824945,6.286067062404337,6.14050012626847,6.343400119069442,6.186976759084667,6.291683438335821,6.157912754745647
Luis Agote,,,,,,,,,,,7.609037712635526,,,7.523941418405954,7.4399720927294455,7.547001335482209,7.35670549903004,7.457320731064058,7.278129067279031,7.385267413424001,7.391181928560013,7.449352561414881,7.435822709182633,7.282448728423548,7.226209010100671,7.24422751560335,7.435110204699338,7.249850773157712,7.295520809990901,7.182192124683898,7.2663890874062025,7.218810702619226,7.176019265576817,7.24422751560335,7.2064407334456835,7.226209010100671,7.176019265576817,7.216056638636654,7.178630233117537,7.226835772891481,7.179688994465779,7.202887155539377,7.113243895057626,7.1275599290308325,7.165090195044626,7.0810270002561735,7.1073683328861526,7.155904040583678,,7.409847222779373,7.136015418436362,7.252100591248823,7.0553912777882015,7.021885518113232,7.180190122013224,7.067719928674815,7.113243895057626,7.230528671245188,7.172447833209219,7.186945515283605,7.153888348521045,7.205006802450069,7.161535799758236,7.180190122013224,7.1819540010966305,7.025538314638521,7.205006802450069,7.180190122013224,7.172447833209219,7.278129067279031,7.172447833209219,7.163688653119338,7.326704368659449,7.195437351433918,7.253389251755974,7.172447833209219,7.21003615085507,7.2269173838533565,7.195437351433918,7.329938853301698,7.313220387090301,7.2555412755036235
Macrocentro,,,,,,,,,,,,,,,,,,,,6.684611727667927,,,6.952561358326981,,7.170119543449628,7.090076835776092,7.2786008895691925,7.003065458786462,6.561647021448641,6.997367437671824,7.251007202588728,7.264430222920869,7.0412866716066596,7.277593209447151,6.855075021153224,7.220847066959286,7.547853238452267,6.774223886357614,7.058037482031475,6.984716320118266,7.025538314638521,7.05085612262281,6.725433722188183,7.090076835776092,6.774223886357614,7.275682467771237,6.907755278982137,6.889736773479458,,7.213136928533319,6.829793737512425,7.417151309938533,6.994766655971767,7.418580902748128,7.271720656183549,6.9767481504690885,7.117826748728994,7.1308988302963465,7.24422751560335,6.653183510190634,7.05857816871672,7.152877737015122,7.080358237277121,7.162647528610927,7.348067118420469,7.1873401412012985,7.225299505717831,7.159069707263043,7.183078837958469,7.153888348521045,6.907755278982137,7.079605535908796,6.99956282823526,7.313220387090301,7.132472394743777,7.170362459591182,7.164184807929813,6.918281983581053,6.9471282971209165,7.336209905315,7.275480059107454,7.145713916081488
Malvin,,8.023004962092683,,,,7.940799889085106,6.919360825102445,,7.592643749790262,8.075360439137198,8.428912510257883,7.571794216161007,,8.263412670640138,7.876392185884943,7.9999366773199565,,,7.968146354830049,8.086410275323782,7.773871910765757,8.229511118964457,8.066207568006265,8.051103461491639,8.22282213081366,8.082366802541484,8.095983354451267,7.92632485997671,8.400770616052553,7.635235469887796,8.263166331255867,7.9303816606723245,7.758663251593441,8.006367567650246,8.009833775626733,7.754650643891981,8.006367567650246,7.980888482349262,7.947735357569922,8.090597301677999,8.042453957424668,7.902914357548688,8.129981523617424,8.134542761074245,7.965797557508293,8.00397976127524,8.207808382518962,7.837839332988628,,,,,,7.904650903021519,7.856180118025147,,7.878358000210032,7.835609662607919,7.981000030379748,8.001864271979418,7.891957216472503,7.844590865606829,7.883816935043246,7.845460105360108,7.878358000210032,7.884028715458003,7.848875199485586,7.884028715458003,7.884028715458003,7.787914801082229,7.950797716495436,7.944175547393799,8.022045057256577,7.987685123525374,7.976788293228181,7.8991220372966495,7.8697409134517535,7.935041390039952,7.758330779072783,7.783224016336037,7.905640162608224,7.933608213367818
Manantiales,5.768320995793772,4.0943445622221,,,7.17741884593124,7.195437351433918,,5.66988092298052,,7.334497785537586,5.7430031878094825,4.669708707125663,6.74345222769086,8.565645574802184,6.983741185960059,4.912195221283003,5.053372386552611,5.0106352940962555,6.707084583519986,6.984716320118266,7.175555980880089,7.003065458786462,7.80366684851964,5.991464547107982,4.247495741716276,6.551805235401353,7.040372569751022,6.877902315832456,6.83628890756515,4.605170185988092,6.6420521132491315,6.816405500393909,6.948537271902307,6.339771241376198,7.52294091807237,6.801620962401183,6.620073206530356,6.630632966745359,6.940545101805128,6.7518204773613775,4.8283137373023015,7.214280439235398,5.115995809754082,6.851614799730937,6.220704118804873,4.605170185988092,6.368754016322012,6.486541813905833,4.487387150331708,,,,4.471638793363569,7.161989417366378,7.019967269589065,7.6348040112177635,7.27399967393702,4.754205765148579,7.322566249508539,7.704699253223726,7.58717226673018,6.997151147665216,4.787491742782046,7.173458444715143,7.431484307584036,7.1088411334613895,7.710717325549289,7.372677128121566,8.145694321864932,7.84206451635897,8.160518247477505,7.616568576286482,8.724832556194482,5.69035945432406,7.639799333369689,7.44516319266654,7.165584388284237,5.331592155432909,5.685550613061397,7.564534815371208,7.132958563259358,5.790776351492704
Mapuche Country Club,,,,,7.401773784431747,,,,,,,7.05857816871672,7.162647528610927,7.568112636719092,,7.199891701783298,7.205006802450069,7.155900132501764,6.986785328341287,7.195437351433918,7.221412837837178,7.313220387090301,7.1008877518803075,7.252595765273867,7.02894622294935,7.084685987141215,,,7.193076075248238,,7.3115269065839685,7.139556893039462,7.1008877518803075,,6.9818632511358585,7.032052995659714,,,7.047517221357296,7.112206697284194,7.1389960405289665,,7.065318249495067,,7.092184318115656,7.237996965852714,7.228455120462591,7.196513778114468,,,,,,7.124341429750188,7.140778938896054,7.012784434864914,7.256061973250353,7.217910207285977,7.178853223418383,7.000030555091308,7.214571306020462,7.311750879110941,7.12854588477764,6.907755278982137,7.282448728423548,7.190772231343761,7.335199293809077,7.255327169785312,7.115708664802372,7.299797366758161,7.322929430018853,7.253215152100729,7.170119543449628,7.28043056426731,7.277745998896641,7.1308988302963465,7.313220387090301,7.24422751560335,7.027109414189989,7.115708664802372,7.081301889156975,7.120746458832329
Martin,,,,,,,,,7.020550773127481,7.513891082552453,7.3452231181764756,,7.441053758600186,7.818625943386953,7.473069088032197,7.121724260962248,7.422210670798706,7.558342845123287,7.414025086212267,7.497597443066352,7.549609165154532,7.523941418405954,7.45298232946546,7.573829277857104,7.571049496392401,7.300797867091744,7.431003422746685,7.384094726676959,6.819462671836459,7.418580902748128,7.457114566750371,7.27931883541462,7.391181928560013,7.3939317674734735,7.387843027294498,7.395458485327274,7.397961615545392,7.418580902748128,7.37037880093025,7.400009517162692,7.404787580615792,7.418580902748128,7.369573323641434,7.417329337639069,7.396601996029353,7.4032465387480215,7.428531233601296,7.435300350554895,7.369100845484758,7.285516145715104,7.485520385423237,7.367287608360577,7.257299597170703,7.346010209913293,7.366751579555339,7.399502927114214,7.393263094763838,7.372060887113235,7.32261012744014,7.365896644903215,7.348677753482482,7.346127505086731,7.323583174125848,7.346010209913293,7.340301345692972,7.37650812632622,7.46054510184716,7.456863089319144,7.321188556739478,7.444556389151389,7.418580902748128,7.407776799982172,7.510387567054956,7.536363938404511,7.493482210921245,7.576804907963022,7.523941418405954,7.4673710669175595,7.551033032975409,7.566216901554192,7.552726513481742,7.546207801331041
Martinez Fleming / Panamericana,,6.907755278982137,,,7.693177735651253,7.150701457592526,7.460129905661,,,6.666593222165249,7.504982337663343,7.77525584668686,7.794487208614748,,7.321011030364086,6.6253502636312,7.640123172695364,7.524741098576518,7.464484677374689,8.329295198723482,7.619251598210279,7.623630710619638,7.5438648259426335,7.548602960139234,7.713902431757866,7.7247278096544285,7.518985337074196,7.619950654512777,7.52826231698528,7.497267569851726,7.503480346534614,7.547792634228134,7.370229676290772,7.607211628735347,7.541813543172076,7.461140517166924,7.519224428527815,7.567000907866401,7.520859751868546,7.4888974011655876,7.503480346534614,7.4041921652960285,7.278818960372969,7.478423095168433,7.325799169297161,7.447628588188358,7.363772666253133,7.418580902748128,,,,7.381637387556443,7.313220387090301,7.227904448934791,7.266152876232316,7.510248091273952,7.367287608360577,6.9969167395634635,7.495541943884256,7.359968153347502,7.495541943884256,7.324649082913925,7.369309853741345,7.428150353764279,7.55130551840271,7.363230807664963,7.362227966196996,7.454298985350207,7.271977428556252,7.460129905661,7.428150353764279,7.459471066534166,7.502998244560711,7.505592279737757,7.447737487039583,7.435602590317559,7.495541943884256,7.454793845733496,7.466169865571926,7.522815897989409,7.4860221835436604,7.442297429365444
Martinez Libertador / Rio,,6.862421737680616,,,,,,,,,7.258565103468471,7.568112636719092,,,,,8.095198781356862,7.600902459542082,8.498702680018605,7.715978550276425,7.600902459542082,7.824046010856292,8.180720954795024,8.095198781356862,7.93297026663131,7.753094274884008,8.006367567650246,7.939115340641079,7.743530290396552,7.84206451635897,7.615539926786997,7.987675434638094,7.632155003046186,8.01328801049482,8.167817549959116,8.180720954795024,8.242756345714477,-6.436150368369428,8.006367567650246,7.993628541872817,7.841539168303809,7.9932718736107855,7.891861025497014,7.82974403197093,7.3777589082278725,7.824046010856292,7.849798506958707,7.893572073504902,,,,,,,7.925625803674213,7.824046010856292,7.669895331029034,7.949042501030977,,7.504275623853011,7.82974403197093,8.242776599317333,7.841539168303809,8.095198781356862,7.922273737934708,7.75996715417177,7.882886510879225,8.002272736502162,7.707512194600341,7.6587220304309085,7.841539168303809,7.943688291320147,7.711166662784438,7.9932718736107855,,,7.935584683795652,,7.55438244390719,8.062457034301291,7.96922802070079,7.909907301462685
Martinez Santa Fe / Fleming,,,,,7.189006461103627,,7.995287121873675,8.024716706318443,7.810622990524151,7.570921627330146,6.645391014514646,7.025105882199349,7.450079569807499,7.505592279737757,8.245259475932595,7.4673710669175595,7.40953106722821,7.691874237747809,7.758805488987891,7.520859751868546,7.6993155810405005,7.696784231245365,7.654486705676189,7.69003023943809,7.755053139369341,7.654969680812358,7.706262975199909,7.592244396798968,7.60435669441017,7.7001642252272,7.697752285532,7.683594175387196,7.718685495198466,7.701828378132043,7.648020382519152,7.63746005527588,7.6049924447936075,7.568521050039043,7.569153761227502,7.6255950721324535,7.640123172695364,7.584373157590872,7.505592279737757,7.600902459542082,7.553649574691537,7.5342110850434105,7.565811139730812,7.53346117874655,,,7.845707507637472,7.600902459542082,7.354042381610556,7.545842682359055,7.437557077553052,7.426549072397305,7.46785195175491,7.518180700038782,7.546633605041968,7.511290300852395,7.478006894170772,7.4673710669175595,7.5195568200881295,7.545842682359055,7.481101259729462,7.470753456679284,7.553985539754331,7.493309607445882,7.532694209515549,7.565563093096774,7.56195296911003,7.690514618231769,7.523569256138912,7.4673710669175595,7.536135433446131,7.5508920389674214,7.667013484654145,7.496382986975749,7.520859751868546,7.5427948287348014,7.515744651201776,7.396747429421884
Martinez Vias / Libertador,,,7.813463901525755,7.395458485327274,,,,,,7.7892420886616,8.331090911782377,6.802576598037058,7.389593365874876,7.902547885261124,7.652574470086403,7.8825422175379005,7.951879382366177,8.476371196895983,7.813995675002791,7.793586803371584,8.461103724765193,7.681302669912119,7.7241350999660305,7.864868005376548,7.666535652538917,7.760710135684481,7.733894913861994,7.783224016336037,7.763421389039857,8.006367567650246,7.690514618231769,7.607043727564165,7.768854076053084,7.717676025403376,7.820037989458753,7.717051103709881,7.886392232834951,7.952300346379971,7.6922206180768695,7.973298166398225,7.77525584668686,7.957577403480815,7.629145671855477,7.723241311734326,7.878113232126568,7.645354222112916,7.758805488987891,7.808541824320327,,,,,,7.387328359244023,7.8632667240095735,7.884831133941446,7.680945167215619,7.711183911902442,7.637249946984197,7.76998040762783,7.851196999922243,7.481411481540543,7.647229391736438,7.645354222112916,7.758828934251321,7.532897730428025,7.865288969390341,7.6842840684811335,7.607043727564165,7.8122115532092895,7.60350324124214,7.5231537066677046,7.894920350442949,7.673871479408673,7.691874237747809,7.671520026756036,7.671369170647335,7.629889996415335,7.617363736596155,7.716687492535793,7.671520026756036,7.600902459542082
Martinez Vias / Santa Fe,,8.327149588528373,7.264430222920869,,,7.960905193573489,8.352464386835189,,8.17978154655309,,8.419212783056034,7.4041921652960285,8.153227814214826,8.182824004991803,,7.5008190009851,8.116715624819111,8.011443720682108,7.683708521215214,7.654969680812358,8.166990761983122,7.902007552326004,8.006367567650246,8.034341419692653,7.934587885256116,7.653848604109513,7.867848633514685,7.877534695807278,8.008048241501598,7.870031124098116,7.929406526514119,7.9492091538102985,7.941829046512676,7.873222560235861,7.846024917575067,7.669895331029034,7.866278774479565,7.750842606832997,7.856835833679283,7.793476894600879,7.790820363227971,7.88120442469624,7.809431191698823,7.769978789586016,7.983894711798188,7.721820301705264,7.698717635925324,7.959088276337741,,,,8.006367567650246,7.820723739496957,7.829809715573043,7.859137330667562,7.9492091538102985,7.8562031224908235,7.659171367666058,7.950797716495436,7.853676742874656,7.914800374124757,7.8551365979263235,7.841388789850237,7.906032219919171,7.77080149633748,7.857812873327109,7.911057387845922,7.844116222151267,7.92632485997671,7.915853560109415,7.912841509639423,7.869166446136762,7.824046010856292,7.861786338839139,7.888584531993863,8.075360439137198,7.850714257938454,7.853898974005974,7.869166446136762,7.929406526514119,8.021635039781035,7.797431511729348
Mataderos,7.970649485048168,6.772718995178194,6.620073206530356,7.670994836362451,6.812445099177812,7.600902459542082,7.051004062559466,7.622881366260858,7.293017679772782,7.618602036641484,7.501529985728879,7.629889996415335,7.351686667918098,7.957577403480815,7.090076835776092,7.6825921618234405,7.181352611552179,6.9818632511358585,7.4673710669175595,7.5508615134709975,7.267758013013544,7.513891082552453,7.438383530044307,7.457801615901409,7.523941418405954,7.421854228093097,7.5319095880551306,7.446751779714824,7.411412413269515,7.452772267496407,7.534695881303814,7.4673710669175595,7.483119423885699,7.456321230730975,7.325054844737305,7.408530566894626,7.385791079925137,7.372060887113235,7.4673710669175595,7.276915810273466,7.3777589082278725,7.276241383849214,7.219888447298082,7.367570425075673,7.1813136901927805,7.267844600061413,7.224809429746249,7.182858569227058,7.3495880312611765,7.329427895081487,7.236259345954173,7.120677276224809,7.150316916153448,7.195437351433918,7.418580902748128,7.2195349030129785,7.1258862884728025,7.16016921259646,7.252595765273867,7.313220387090301,7.226209010100671,7.117475809964206,7.206133864151294,7.176019265576817,7.2228363256220325,7.1819540010966305,7.1308988302963465,7.21624215018528,7.2924942565731845,7.335199293809077,7.113463768474245,7.160694551591905,7.372243727539763,7.37079023891178,7.359740402725194,7.275480059107454,7.3032700562371335,7.354042381610556,7.3500609563113715,7.325799169297161,7.365180126021013,7.226209010100671
Microcentro,,,,,,,,7.888584531993863,,7.392357707649025,7.957577403480815,6.991838396192678,7.509726578876212,7.384679351072446,7.418580902748128,8.294049640102028,7.50246238672883,7.174818064231182,7.505592279737757,7.418580902748128,7.462066014687866,7.256061973250353,7.374129140177294,7.462066014687866,7.454298985350207,7.232251324556635,7.246971001549101,7.264652420455391,7.393263094763838,7.293037115929866,7.316165897320058,7.22983877815125,7.176019265576817,7.300797867091744,7.04060686184864,7.153590241498417,7.313220387090301,7.3777589082278725,7.082108666126914,6.939843593533638,7.306102919321438,7.070274208479912,7.079605535908796,7.134528598346925,7.242344274205611,7.187069101763401,6.992007484602544,7.2356621527444265,,7.2228363256220325,7.245779106294769,,6.964913692822085,7.023587094507259,7.153888348521045,7.151204096457092,6.7646544353414635,7.038783541388542,6.884765760757438,6.983455102209821,6.937355748758428,7.074809363645303,7.099646286792242,6.992913087322444,6.92388466091202,7.1308988302963465,7.306531398939505,7.165287774457162,7.077629956579093,7.24422751560335,7.203283935867258,7.07138470276394,7.331569525758498,7.339284919807775,7.275480059107454,7.185958607479375,7.195437351433918,7.3639139121632,7.172264529095079,7.316548177182976,7.216957806541579,7.182858569227058
Moron Norte,6.907755278982137,7.06524486007491,6.747412628906957,6.6033533013192525,7.669895331029034,6.952214028335148,,7.3495880312611765,7.543744045702134,,7.495541943884256,7.344472930594406,7.152877737015122,7.2103630016505935,7.077358063368317,,,7.152877737015122,7.344472930594406,7.286859717399233,7.313220387090301,7.386245522105192,7.354042381610556,7.292809389830174,7.152877737015122,7.354042381610556,7.327013709222637,7.313220387090301,7.146166302427135,7.195437351433918,7.159069707263043,7.313220387090301,7.242690236284464,7.28852777449993,7.3213175973229205,7.233177679416765,7.451370725571119,7.303968651308022,7.16440524218619,7.266700371455409,7.2288030452777186,7.1891677384203225,7.061905958809396,7.05857816871672,7.225209509767588,7.123412623766882,7.044406798942903,7.051118145458117,7.369884729743803,7.011876088468616,7.224389173383686,7.021448329386995,7.025538314638521,7.031580629094483,7.217910207285977,7.07326971745971,7.114091711979966,7.088223267126769,7.003876488972396,6.9818632511358585,7.115394643760381,7.115394643760381,7.115394643760381,6.993277452420299,7.06524486007491,7.058328137461511,7.101911293423094,7.056790858142625,7.077498053569231,7.119929798925773,7.121329379280196,7.127255839017846,7.090076835776092,7.068930379680966,7.299797366758161,7.096774784460219,7.234968190190553,7.395050405337933,7.213461709317716,7.212364014035998,7.117204216472888,7.128877442094492
Moron Sur,6.907755278982137,6.929734185700912,7.567000907866401,7.136013930963117,7.418580902748128,7.24422751560335,7.418580902748128,7.3495880312611765,6.725433722188183,7.451405448396171,7.3194900001038965,7.344472930594406,7.195437351433918,7.275480059107454,7.320942433184212,7.509335266016592,7.489676824431858,7.455861475937128,7.418580902748128,7.3777589082278725,7.354042381610556,7.2015163975103,7.313220387090301,7.335199293809077,7.346010209913293,7.24422751560335,7.159069707263043,7.331569525758498,7.256061973250353,7.191523452112782,7.215239978730097,7.295848137365831,7.213136928533319,7.246971001549101,7.264430222920869,7.171906854023724,7.236259345954173,7.195437351433918,7.192383913947028,7.189606431123125,7.202974663866426,7.1891677384203225,7.077772343075924,7.08543645621959,7.174701452954739,7.052937288826635,7.054570147319182,7.087726658431138,7.102388127255542,6.9767481504690885,7.090076835776092,7.059305177109338,7.030815371739364,7.016954570947129,7.110696122978827,7.120087914192131,7.061905958809396,7.044614461699334,7.013115794639964,7.170928932405187,7.143235791583169,7.1308988302963465,7.116300030875194,7.13847052682724,7.1479384871227785,7.03363552487114,7.125757430795928,7.154247522044498,7.115839758074823,7.1691200431165445,7.208860371766058,7.25811656962542,7.184966051566622,7.2015163975103,7.264430222920869,7.186340678453314,7.226209010100671,7.339888634172463,7.264430222920869,7.158337135409264,7.241378090330084,7.236259345954173
Nordelta Castaños,,,,,,,7.6597429595650155,,,,,5.9431939209961095,5.716769670183012,,7.749144702683174,6.117323584314149,7.313220387090301,7.089942625602155,7.40601658698274,7.73334944938548,7.4595551940717115,7.355819162855214,5.885225296771467,7.544732188075028,7.5965640579434845,7.421374200653741,7.683078678070002,7.544732188075028,7.7058205696607,7.636389975887553,6.011667254425501,7.6065522371690495,7.600902459542082,7.689050846318787,7.611871490912656,7.657472811030477,7.726898588799981,7.644667487508841,7.61908628162752,7.58221032652993,7.582553320873886,7.637647807568574,7.569153761227502,7.582553320873886,7.422016865501192,7.578373346482054,7.5883236773352225,7.6325077989574135,,,,7.564534815371208,,,7.770778060910354,7.355819162855214,7.63864278752493,7.619903794753597,7.574234212459921,7.600902459542082,6.096326930750527,7.692710008795205,7.568771181359289,7.583027107715119,7.570237243104555,7.58843508158918,7.60516685832854,6.741684603640451,6.741684603640451,7.600902459542082,7.549609165154532,6.253828811575473,7.677210652605407,7.4041921652960285,7.7235754804926575,6.245983220989945,7.646839554729108,7.5989455098815135,7.5989455098815135,7.541479039071281,,7.596988560220946
Nordelta Los Castores,,8.01328801049482,,,,,,,,,,7.989018929315634,,,,7.888584531993863,7.911057387845922,7.697894725529392,7.958576903813898,8.236633982506259,7.596207615237875,7.846024917575067,7.6758037677152,7.824046010856292,7.728735831051967,7.925398505116579,7.783224016336037,7.9658126314838285,7.811467228649432,7.853898974005974,7.914216885940425,7.238942335480637,7.647543036995193,8.20889183176172,7.882314918980268,7.650135282200931,7.907927494836994,7.884459263445203,7.777071938440159,7.896072251706572,7.689009727052349,8.180720954795024,7.734433852166605,7.853898974005974,7.865815423732587,7.907927494836994,7.570443252057374,7.907927494836994,,,,7.718188583110999,,,7.94222721494318,,7.973263442970314,7.788954691045022,8.015869041213055,7.859290274171547,,,7.9700736394882945,7.9428295468462595,7.932601417410638,7.880680610548456,7.880680610548456,7.943719378359542,7.788954691045022,7.868557919465718,7.883051687902344,7.883051687902344,8.0357829416347,7.9958962677829515,7.681729788676036,7.9428295468462595,8.047189562170502,8.067641487808327,7.974598557248253,,8.135538732001791,8.033661662792447
Nuestra Señora De Lourdes,,,,,,,,,,,,,,,,,,,,,,,7.336750884500495,7.464326924536332,7.309687839194073,7.343073350239982,7.24422751560335,7.347050251608707,7.383789077254463,7.376292316065762,7.4376676990675055,7.2787875829493025,7.367287608360577,7.422654228135763,7.362010551259734,7.500494200202723,7.313220387090301,7.342207923963554,7.355184586189334,7.333839674293037,7.367287608360577,7.382213258577253,7.313220387090301,7.358830898342354,7.395050405337933,7.358986758981507,7.303650936074151,7.3344225947409045,7.418580902748128,,7.2972200457438605,7.397840849865725,7.418580902748128,7.265641610107166,7.226209010100671,7.410176938154127,7.386687538972174,7.349639049066434,7.420018717517755,7.432194202848265,7.3213175973229205,7.393263094763838,7.359740402725194,7.418580902748128,7.418580902748128,7.492268618539287,7.417329337639069,7.406002120541268,7.456965145756443,7.495541943884256,7.456321230730975,7.501634457883413,7.569153761227502,7.524529480757509,7.505592279737757,7.536363938404511,7.558165367085728,7.524529480757509,7.565811139730812,7.546640363602143,7.586436630003448,7.560080465021827
Nueva Cordoba,7.448322871946865,7.501272618593241,7.0086811975720975,7.536363938404511,7.441837764912395,7.4673710669175595,6.907755278982137,7.4432735153384995,7.590852123688581,7.600902459542082,7.487573774235079,7.77525584668686,7.495541943884256,7.487573774235079,7.580423928198542,7.473069088032197,7.600902459542082,7.418580902748128,7.473288295741061,7.313220387090301,7.3495880312611765,7.346010209913293,7.22983877815125,7.35670549903004,7.348397114275386,7.311897673609935,7.250700030108967,7.275480059107454,7.230356242587118,7.313220387090301,7.329749689041512,7.170119543449628,7.335836272304489,7.272869091566734,7.224908619250643,7.222566018822171,7.166329267275847,7.254951478966325,7.25811656962542,7.256061973250353,7.2972200457438605,7.205006802450069,7.213633206489694,7.2288030452777186,7.254809624933887,7.220847066959286,7.2736895483336665,7.226621296233084,7.277773638094554,7.31722840848784,7.313220387090301,7.409406333414029,7.282448728423548,7.27458480372056,7.266700371455409,7.269869946216687,7.226209010100671,7.405157882415987,7.237996965852714,7.2472624192985045,7.406361366095327,7.261909548689206,7.438383530044307,7.429052202615423,7.468987570432127,7.383508465000734,7.344480565580969,7.525190637806386,7.3495880312611765,7.429292558343056,7.523941418405954,7.364703039556238,7.508529139411067,7.467363924009396,7.5267944873883605,7.494569161772867,7.43317970216928,7.578897489043861,7.411837520072087,7.408530566894626,7.4673710669175595,7.421513462474326
Nuñez,7.9062841090932645,,8.277520338150817,8.265878763135332,8.699514748210191,8.211811541865055,8.169692623753546,8.180720954795024,8.269289090421376,8.111728083308073,8.294049640102028,8.160518247477505,8.234151498520959,8.332764152282717,8.255434803974248,8.082170531065747,8.147440902738406,8.075960859449442,8.152550077828328,8.090674674110241,8.01820202529725,8.099872366931704,8.012637180663843,7.977879703776933,7.989560449333865,8.038455882201747,7.992944547318106,7.99799931797973,8.00050244819785,8.102990017364787,7.917239787754239,7.98426722064958,7.913287099686723,7.961445880258735,7.878113232126568,7.865288969390341,7.93329386772832,7.885006710645979,7.8632667240095735,7.897168275685255,7.8347461960560345,7.8929229335924616,7.8670120467397355,7.88120442469624,7.883765245557915,7.870632690935728,7.8283844124548905,7.870031124098116,7.784825297703011,7.801573155004234,7.828480607924158,7.8681716699847914,7.846518866708351,7.8662209359070046,7.8948150817444995,7.8632667240095735,7.876005749787003,7.933608213367818,7.8632667240095735,7.920672846545364,7.879615862011103,7.911057387845922,7.9157131993821155,7.980392081246986,7.957577403480815,8.006367567650246,7.993122340900226,8.03376654183836,8.017601203128523,8.036220530799929,8.056919846813079,8.020452307531986,8.129076721642686,8.116592708424811,8.15567505027823,8.111728083308073,8.128880142125638,8.12862117289151,8.166536319803068,8.163553151172659,8.160518247477505,8.121880454772091
Olivos Golf,,,7.824046010856292,,8.383661798791715,,7.287868795892887,7.6761258807796695,,,,,7.626435761547247,8.070906088787819,7.419886986896174,7.641724454062338,7.590784329376498,7.487573774235079,7.482296717134235,7.299350539226151,7.5769696933304544,7.852216887822989,7.447359867298171,7.66086592430964,7.654125016773397,7.667593834040755,7.52294091807237,7.600902459542082,7.5267944873883605,7.6761258807796695,7.565535315704791,7.538722655864921,7.5136368849811035,7.355780001509097,7.438989774379335,7.358412381281675,7.505592279737757,7.484830288289328,7.376469417398001,7.430108407919195,7.513891082552453,7.286091719702049,7.49333109550674,7.3495880312611765,7.495541943884256,7.3648251594433045,7.6278099124620065,7.480840049580715,,,,,,,7.192908905080559,,7.254512786263524,7.403543025383588,7.374129140177294,7.367287608360577,7.5068167017131735,7.407528380454311,7.276041383848548,7.5068239153293606,7.465897227299259,7.55438244390719,7.340871918420811,7.453325415896842,7.454298985350207,7.287868795892887,7.453672222559398,7.495541943884256,7.541928643960434,7.588701522840461,7.461140517166924,7.686844889342807,7.520859751868546,7.501272618593241,7.582883954039404,7.520859751868546,7.497351666645862,7.524986975507772
Olivos Maipu/Uzal,7.479205524564563,7.7406644019172415,8.053485490627317,7.969326295969898,7.7123420212762905,8.279308183446991,7.893407138653795,7.855683095799475,8.156578649473424,8.11938173809383,7.0787130771257765,7.954458509696442,7.863487742907589,7.621422189773259,7.7528185015679245,7.529339323467546,7.808541824320327,7.781786201566409,7.477523438381578,8.081875120158392,7.785824798036094,7.799948459277232,7.840575312807503,7.833901287687019,7.707512194600341,7.7131144501490105,7.784604278804996,7.740346991979645,7.70155860437057,7.774035590281631,7.630101614234345,7.706262975199909,7.740346991979645,7.662777863260169,7.696212639346407,7.630934746640958,7.709116044182315,7.686844889342807,7.67143261034792,7.635035465911541,7.653700645109053,7.430141725149204,7.63746005527588,7.621242143779205,7.610452670353902,7.618602036641484,7.513891082552453,7.677442536664417,,,7.669170430671085,7.6363043865929985,7.630101614234345,7.66270943752567,7.593180413448172,7.406080739983897,7.798829014404927,7.661527081358517,7.631857803997413,7.59402958025432,7.6361490829731755,7.560824235974672,7.675032142416624,7.628553990872592,7.591852624022165,7.59402958025432,7.600902459542082,7.704202029379886,7.619251598210279,7.723241311734326,7.709116044182315,7.669895331029034,7.745402883537179,7.997317732130329,7.661527081358517,7.877927951805335,7.595914918031044,7.642485596917844,7.613222943930123,7.607062701736103,7.730114191022088,7.600902459542082
Olivos Quinta Presidencial,,,,8.207038263112398,8.673197439892819,,8.025912163723216,,8.601500062343643,8.042735211821121,,,8.621928511680146,12.676076274775909,,8.34283980427146,,8.124631488143981,8.469565142426983,8.306506745844835,8.688464912023607,7.884264870849347,8.022532504503602,7.795535307815487,7.824046010856292,8.028039432258483,7.853216388156072,7.851114572515306,7.721266141791958,7.791957696304792,7.841043587224863,8.000796522600792,7.817736841663027,8.572126910234076,7.919356190660617,7.718685495198466,7.960457866346169,7.803843303538772,7.776957974757391,7.820037989458753,7.600902459542082,7.641724454062338,7.70060181976517,7.706262975199909,7.655722738980884,7.77525584668686,7.724955108212061,7.615465436920615,,,,,,,7.600902459542082,,8.070906088787819,7.4673710669175595,7.558938260443051,7.600902459542082,7.9532183229833615,7.513891082552453,7.728564290001093,7.71567797413451,7.731522641959146,7.668206141438189,7.668206141438189,7.647183212106088,7.7440033031827555,7.824046010856292,7.8399193600125825,7.825536324925361,7.74608446938658,7.853245165548555,8.155213195247812,7.841337507966353,7.707570821225693,7.84730287302056,7.864862488104728,7.789493629349632,7.74608446938658,7.793627756521468
Olivos Uzal / Panamericana,,,,,,,7.8670609479565705,,,7.645899825472818,7.319735068111495,8.087807899590421,7.159069707263043,,,7.530284892328129,7.669895331029034,8.029898065060442,7.211437692780359,7.907427619795343,7.523941418405954,7.689313416886136,7.63864278752493,7.755053139369341,7.807238892539911,7.6632063428782375,7.683915311843443,7.387032545013202,7.637716432664798,7.7118595301280655,7.500579737914213,7.516003015755596,7.673223121121708,7.645926140916037,7.624432956952276,7.596573428170525,7.484642653426221,7.5810998322459024,7.819033469032748,7.706920653618879,7.516003015755596,7.465983141642711,7.282150710242233,7.418580902748128,7.473069088032197,7.910574062530374,7.232251324556635,7.505592279737757,,,,,,7.4002317640799316,7.335199293809077,7.807238892539911,7.5034471233913695,7.481101259729462,7.48822929703797,7.319735068111495,7.367287608360577,7.387980462299411,7.48822929703797,7.306911217897037,7.3777589082278725,7.587612640639726,7.434581244094569,7.5034471233913695,7.483119423885699,7.530698200868834,7.441395580514299,7.629889996415335,7.5227376866927465,7.431003422746685,7.5227376866927465,7.53322017268899,7.534551731398732,7.354042381610556,7.526413607551343,7.418580902748127,7.592818593489412,7.1308988302963465
Olivos Vias/Maipu,,,,7.847576508266486,8.077826531632391,,8.160518247477505,8.142499741974827,,,7.9492091538102985,,7.824046010856292,7.986564940354067,7.818146288729104,8.278301283133889,7.877155836170241,8.13901204225654,8.433811582477187,7.628301433730197,8.024716706318443,8.037080154337776,8.098482856558052,8.08956651150522,7.9999366773199565,7.989560449333865,7.927865693245415,7.866605625275088,8.024716706318443,8.037830837106032,7.877812435011952,8.090390301723284,7.858731568844182,7.929406526514119,7.847762537473608,7.935129743526869,8.039157390473237,7.981674955059876,7.847576508266486,7.834302511023481,7.951559331155252,7.883846785163464,8.012598117400882,7.8049978158855975,7.861786338839139,7.98997375787457,7.860999146426877,7.846550731521055,,,8.184978545047665,7.72226331654635,7.795646536334594,7.783224016336037,8.02168180262329,7.974381274270841,7.94330943168311,7.74806010387837,8.05329699987223,8.044469533333434,7.941335097379392,7.827675778906871,7.698882867902286,8.039157390473237,7.7992513522430755,8.009598588231693,7.990484998813213,7.84879900276302,7.661527081358517,8.014464777882866,7.7664168980196555,7.898153983010014,7.938926286854715,7.999610785187367,7.888584531993863,7.940118182109046,7.970815606824381,8.104006037214162,7.880963582180692,7.9721329830042835,7.970796101865379,7.993379824448616
Olivos Vias/Rio,8.790486526415918,8.32757233214067,8.430181814426607,8.374092347775564,,,8.765029355320818,8.015101247619,7.922486083669544,8.64581056923833,8.517193191416238,8.654814569292284,8.277963502350403,8.22282213081366,8.753581969480468,8.384142683629065,8.302488508747892,8.406261630708956,8.347670731541125,8.547652398900945,8.245259475932595,8.495686986195274,8.292932945401953,8.35964692258784,8.416097074544869,8.280804413352007,8.290135740780892,8.153470502812072,8.254828926948747,8.169996991432049,8.14783308795019,8.371481380234844,8.157657015196472,8.24093981478808,8.16264817373533,8.27603113459935,8.116715624819111,8.202482446576537,8.154993329384212,8.068402958569699,8.203535632561195,8.006367567650246,8.204331901514655,8.130420216320225,8.157917465777448,8.204436858604236,8.065208067673181,7.914642906208519,,,8.24093981478808,8.16264817373533,8.282231779201375,8.236290805949835,8.414677627890642,7.863783238124761,8.309553826637993,8.180025651900795,8.073261802480276,8.294049640102028,8.377756713313216,8.14946841129092,8.242756345714477,8.233945716032322,8.16264817373533,8.302081811799292,8.160518247477505,8.144307831553817,8.031685375634536,8.268731832117737,7.990733660911632,8.035566722342509,8.242756345714477,8.024716706318443,8.247186491085037,8.264675031422124,8.236591016105958,8.131530710604252,8.23689122626208,8.15719045738483,8.272070733383252,8.252358835632503
Once,,8.065208067673181,,7.486379030962737,7.686597180646965,,7.368028623585296,8.244778591095246,7.852886499718104,7.090076835776092,7.666849899466614,7.6842840684811335,7.448561734960063,7.680945167215619,7.866605625275088,7.540683599549028,7.6336922823650735,7.866605625275088,7.536363938404511,7.45298232946546,7.642866658641115,7.487573774235079,7.582883954039404,7.556450696971249,7.505592279737757,7.536363938404511,7.436280479847529,7.541479039071281,7.501272618593241,7.385739796558886,7.536363938404511,7.446751779714824,7.435822709182633,7.452732391944634,7.391181928560013,7.378942041462384,7.198810035912557,7.313220387090301,7.31722840848784,7.330713544537819,7.392263594430754,7.374374810243632,7.30463664339891,7.333839674293037,7.263715426516072,7.300797867091744,7.307141341013919,7.364627619368575,7.323093768557719,7.45298232946546,7.3993710200981075,7.275480059107454,7.256061973250353,7.483119423885699,7.309875893014903,7.330713544537819,7.397226127400048,7.233177679416765,7.270160897629855,7.3860038551582345,7.343073350239982,7.277502304488222,7.319735068111495,7.471100744221386,7.352441100243583,7.2858214129021865,7.30463664339891,7.344969085404882,7.344472930594406,7.310916235547204,7.424237781448264,7.313220387090301,7.480884786084283,7.27931883541462,7.33061212980217,7.416791992074186,7.372060887113235,7.333839674293037,7.440559809466903,7.3685704821734666,7.3529243283301655,7.344472930594406
Otro,,,,,,7.5995501942920685,,6.895016253204707,7.042627464864694,,,3.6769508832486624,,7.661527081358517,7.351247782679541,,6.3875619052125465,6.51134000639389,7.044330813987888,7.155591442886719,7.3395376954076745,7.066360309158775,7.213136928533319,6.942846598793407,7.061905958809396,7.324107672444266,,7.111279043426695,6.876502735478033,7.070078129665365,7.176291065143689,7.264430222920869,7.117826748728994,7.2228363256220325,6.955008163832683,7.086447067725513,6.9707099392680965,7.147896406664918,6.731929801335009,7.044330813987888,6.977747650802172,7.049405796045164,7.197106075321961,7.018980914092362,6.89533275898358,7.204287139983618,6.684611727667927,7.159069707263043,,,,,,6.316331237608887,6.614946834271715,,6.369214924393809,6.631600711701424,6.264167167146743,7.312190472151551,6.214608098422191,6.683131342497493,6.431415831287316,6.398882780837028,6.551989839426246,6.040254711277414,6.063785208687608,6.0719517980206685,5.981208046940793,6.444132775543327,6.658959486099855,6.856461984594587,7.272514762977183,7.508529139411067,7.460888348091917,7.174383942236085,6.960399012467559,6.875532248361145,7.105703107528144,7.090076835776092,7.273215052476602,7.082959368007228
Otros barrios de Nordelta,,8.121436897435034,,8.285391577358913,7.857525716422267,7.946413181684316,,7.9062841090932645,7.786619605337175,8.253338455045014,7.0092257009804815,7.9724660159745655,,7.911057387845922,7.2196269459050315,8.060434788920523,7.895504974838437,7.824046010856292,7.730714071064073,8.003011859803275,7.99251053298882,7.859475610158599,7.824046010856292,7.970054388227077,7.824046010856292,7.90100705199242,7.876005749787003,7.9167163456976,7.829731776993877,7.824046010856292,7.781461099674848,7.737900060143091,7.698276623567259,7.824046010856292,7.897296472595885,7.806241386222785,7.824632030938911,7.784825297703011,7.875339305243843,7.879615862011103,7.875339305243843,7.877155836170241,7.829058552679836,7.8120344338063745,7.929406526514119,7.840924048643644,7.928864006495386,7.828663433308144,,7.99394504765169,7.872055230042653,7.919356190660617,7.782623135302707,7.889040226130382,7.772752716468742,7.787004739175943,7.866605625275088,7.7118340202493645,7.9492091538102985,7.805696872188095,7.819608783647982,7.78208181175726,7.908530303651376,7.937374696163295,7.837291237606313,7.888584531993863,7.885153996897074,8.021701931650354,8.111728083308073,7.884670632672727,7.871937298560707,7.955723834831492,7.960275690366184,7.853604813097837,8.086410275323782,8.111078732567455,7.957054867460118,7.852216887822989,8.09319677868619,8.014089613744158,7.971466015891232,7.945482495252837
Palermo,8.274115425201211,7.919356190660617,7.857947562531973,7.8160138391590275,8.286323718031614,8.699511414871303,8.059353646157042,8.288934539435257,8.287780027088433,8.160518247477505,8.126326882729225,8.20134024199776,8.383661798791715,8.237608329197077,8.358969186201342,8.12657880194252,8.116127482652725,8.14038333906845,8.215234694045648,8.16957519313493,8.116168211334095,8.101499478446167,8.055157731819678,8.079979384993493,8.057660862037798,8.020756305102346,7.9999366773199565,8.00201026228129,7.988185248567056,8.006367567650246,7.984562937683394,8.006367567650246,7.9999366773199565,7.988801243932348,7.950797716495436,7.9492091538102985,7.956041742197755,7.955723834831492,7.933608213367818,7.937374696163295,7.946263643580541,7.963807953231451,7.919356190660617,7.950797716495436,7.958576903813898,7.922486083669544,7.913658169545979,7.941228265479285,7.9899545380089165,7.97819669068355,8.01988128681697,7.992944547318106,7.989560449333865,8.002438289510357,7.989560449333865,8.021635039781035,7.973577744827256,8.004142872628135,7.992944547318106,8.015101247619,8.006367567650246,8.05288758328514,8.068970801363477,8.086410275323782,8.05288758328514,8.080854996735317,8.095896177171053,8.081875120158392,8.05339250629511,8.111728083308073,8.097934761175738,8.122399967895618,8.146596908958896,8.126995555438862,8.125151103640214,8.12651187949231,8.156649770699584,8.077826531632391,8.139898960274769,8.098864972655953,8.137576678235098,8.055557811841018
Parque Centenario,8.156649770699584,,,,7.525553022300295,7.895701999762728,,8.160518247477505,,,,8.116182433657453,7.781786201566409,7.816323964762382,7.217910207285977,7.748408596650672,7.650912880116744,8.074887514087003,7.649192873544973,7.8187549561910235,7.86868189969735,7.677442536664417,7.755053139369341,7.86686600803922,7.783589760932264,7.876936750692103,7.764227515645382,7.721324023748888,7.686844889342807,7.6587220304309085,7.645354222112916,7.686912929228274,7.570597110046753,7.707745555160131,7.631674118208836,7.626220267526373,7.735227987627594,7.708617713579487,7.69798046676256,7.675626005738018,7.629889996415335,7.650912880116744,7.71134745284588,7.5883236773352225,7.557281837066192,7.609270709212599,7.54446114863713,7.510337102801003,,,,,7.600902459542082,7.748408596650672,7.587647931096239,7.428150353764279,7.540277837725648,7.600902459542082,7.608759915785905,7.772391051036841,7.504447479044524,7.5656284931818165,7.639616971722773,7.609636139510837,7.669895331029034,7.647115302697214,7.635849489619317,7.631595606785263,7.737034633866663,7.654969680812358,7.741981057801988,7.712418676556983,7.627335716610238,7.841043587224863,7.727735330718383,7.716586858541545,7.750954755767252,7.7615340581882,7.878113232126568,7.870146413481882,7.893038882343244,7.850800454239858
Parque Chacabuco,,,7.869166446136762,7.900444052611581,7.226204464635796,7.5652752818989315,7.865426196850711,7.830978447631937,7.758663251593441,7.885414957232585,7.655120045446879,7.3777589082278725,7.942535817955911,7.7950584739830395,7.470766655918698,7.654969680812358,7.718685495198466,7.753665214094493,7.818946071724529,7.487573774235079,7.6359937793533526,7.5520529307478155,7.622859626894124,7.573352507773852,7.6019286268973945,7.606504715090752,7.647653509092645,7.615029838801293,7.696212639346407,7.715579902640313,7.525974430011907,7.557907873369016,7.57191492266883,7.600902459542082,7.600902459542082,7.5810998322459024,7.503100548908632,7.487573774235079,7.467798600077426,7.423971751383004,7.487573774235079,7.466656270512763,7.425884074679524,7.457195738875908,7.450841764966349,7.438383530044307,7.417330120846475,7.266394797416095,7.5008190009851,7.429808748304949,7.406746445101125,7.3750957908083885,7.332638472947403,7.320600494387924,7.417330120846475,7.4282897168750885,7.277502304488222,7.297952914959513,7.291466969350267,7.361885559071583,7.542633551418106,7.340906800205562,7.392796785592413,7.430141725149204,7.3481584384515815,7.378937458747317,7.3259932862158434,7.311183724396484,7.361150148110205,7.4108695686883514,7.418580902748128,7.378712197363163,7.511211091767192,7.499322666724162,7.529893456291162,7.4683789621817835,7.520859751868546,7.483119423885699,7.52294091807237,7.479205524564563,7.499502345100353,7.429754203346253
Parque Patricios,7.411660459903554,,7.822795228954639,,7.472460136425031,7.545552364458917,7.648487467850714,6.961822500252413,7.888584531993863,7.164051037613247,7.524623912460624,7.171720824816602,7.713380442968773,7.3418961870669674,7.561681746388801,7.749030195185822,7.384094726676959,7.311222384427628,7.569811872472052,7.505592279737757,7.589729158943957,7.529806537858352,7.505592279737757,7.457801615901409,7.600902459542082,7.349054840099518,7.564432779760691,7.351247782679541,7.459548341236351,7.474150753902938,7.474689998259616,7.420395786773417,7.324916426853493,7.425927523396723,7.3418961870669674,7.446902178272132,7.451063583201682,7.350582160188269,7.359740402725194,7.418580902748128,7.3495880312611765,7.313220387090301,7.330558570040653,7.326465613840322,7.240195252075411,7.397961615545392,7.217174101253474,7.208860371766058,7.670847290136878,7.278723951346826,7.313220387090301,7.217076526537399,7.217910207285977,7.3194900001038965,7.269801766722781,7.22200437881864,7.204159312126221,7.197484435055642,7.213850829436311,7.260415752557634,7.1441440570463675,7.213076451818241,7.219924067350101,7.2850495101236055,7.182192124683898,7.348311706901572,7.356504736128327,7.274174575337094,7.315097147103161,7.249194423660352,7.324916426853493,7.365180126021013,7.380114621920332,7.3213175973229205,7.3450976445029825,7.303917994427988,7.286859717399233,7.294644112871961,7.343073350239982,7.305785408602784,7.313220387090301,7.297952914959513
Parque Sakura,,,,,,,,,,,,,,6.997367437671824,7.484368643286131,,,,4.144374712687293,4.050609168714293,7.096997278620665,6.802394763324311,6.861235263347244,6.805260100678803,7.108425974444288,4.857225080796721,6.927363750370513,6.665986977830221,6.943518452560433,6.927363750370513,4.388499149179499,6.802394763324311,3.872282676778632,6.952875714262607,6.890948160665756,4.988996118992775,6.871581927189446,6.877902315832456,6.907755278982137,6.929981160267554,6.843216757844566,6.774223886357614,6.531277707747225,6.856461984594587,6.396929655216146,6.872663959170867,6.732402391504276,6.944122923153012,6.8526373639716365,,,,6.875803679175535,7.152877737015122,7.013115794639964,6.590019226808459,6.927363750370513,6.763174050171029,6.816405500393909,6.92809496321926,6.792875002983715,6.502290170873972,6.635014786528555,6.502290170873972,6.528265657277234,6.670625485693187,6.5243928842809495,6.785983406764521,6.708344591289881,6.307389831873158,6.841265537713304,6.476972362889683,6.963325130136948,6.4109814086717964,6.992913087322444,6.907755278982137,6.907755278982137,6.8544172705650555,6.907755278982137,6.840861044152107,6.89533275898358,6.740701194318971
Paternal,,,,7.848738623446663,,,,7.839634514623057,,7.626435761547247,7.641724454062338,7.90100705199242,7.8026965531011205,7.797408651327993,7.7406644019172415,7.615469781821522,7.572731582575386,7.139267079966864,7.569811872472052,7.657472811030477,7.595889917718538,7.580968244641265,7.649692623711514,7.565932212540576,7.586788168396286,7.540277837725648,7.497304058877655,7.536363938404511,7.495541943884256,7.560881426218032,7.457801615901409,7.528144015872943,7.566844288299356,7.495541943884256,7.4795416025378145,7.455050582529519,7.520859751868546,7.4673710669175595,7.418580902748128,7.375740744071636,7.426162710319012,7.40678744196261,7.393263094763838,7.446751779714824,7.382554782132251,7.556726563256797,7.4041921652960285,7.465941474107965,7.202872329921436,7.602698944049364,7.259153165820026,7.501695809458634,7.317430919626645,7.24422751560335,7.358861668046505,7.3964193309452755,7.489676824431858,7.313220387090301,7.3170776724900595,7.47122463623355,7.182780471942278,7.4815557019095165,7.450841764966349,7.442297429365444,7.4017182118956795,7.449143553158295,7.418580902748128,7.428791921798865,7.4252698908989245,7.449143553158295,7.495541943884256,7.403867595339808,7.532991253925872,7.6255950721324535,7.454152724842626,7.472680480113085,7.44539755047919,7.494740175187199,7.563762912592626,7.483119423885699,7.507083704324428,7.47122463623355
Península,,,,,,,,,,7.848143562435353,,8.002383482825657,7.9886159723580015,7.7164153466639265,7.944673998644907,7.970649485048168,7.915017789062019,7.824046010856292,7.984388660931471,8.070906088787819,7.769557825572223,8.081875120158392,8.006367567650246,8.111728083308073,8.013587815623733,8.073987755325225,7.948500185329698,7.979935822871713,8.075360439137198,8.035460913433003,7.7602344981113385,7.908387159290043,7.957577403480815,8.073576317343697,8.05981540209366,8.129427660407474,8.092768465876926,8.019790587982387,8.12077791882799,8.044676591046333,7.9913849662033005,7.998068764835551,7.932259595496525,8.12077791882799,8.006367567650246,7.969365791228422,8.047189562170502,8.054569669468124,,,8.006367567650246,8.09032417464492,8.077826531632391,7.911057387845922,8.072507370154792,8.334871634622283,7.960905193573489,8.010375589047786,7.999250099881383,8.031685375634536,8.001520267250685,8.043181540772963,8.096690205943533,8.072118945213028,8.029898065060442,8.075360439137198,8.11969625295725,8.022696909590794,8.138053463966369,8.047189562170502,8.14410821350932,8.207038263112398,8.111728083308073,8.111728083308073,8.161278499848832,8.152008245890961,8.091525375990553,8.140815483431748,8.103217393640165,8.178217824576906,8.249833219433524,8.039768328677319
Pichincha,,,,,,,7.749322464660356,,7.7164153466639265,7.618602036641484,,7.438383530044307,7.428890272406989,7.849798506958707,7.549609165154532,6.437751649736401,7.538382102560749,7.469710249270732,7.569811872472052,7.370899498676979,7.7440033031827555,7.4795416025378145,7.372060887113235,7.492860977130999,7.4673710669175595,7.482337562897608,7.448886252243457,7.4282897168750885,7.470282277125018,7.446698014828658,7.418580902748128,7.408530566894626,7.383178975697212,7.380325115720488,7.393263094763838,7.366062868464681,7.321565745128637,7.501962511687179,7.380114621920332,7.4815557019095165,7.423015499815993,7.486492108364338,7.322008364183883,7.4673710669175595,7.418580902748128,7.376469417398001,7.43227974710629,7.379615292188547,7.458924997257945,7.39357073974396,7.393263094763838,7.411124602071673,7.406746445101125,7.517612836206721,7.3954682318684695,7.446751779714824,7.329749689041512,7.4036447366761715,7.426099735162155,7.3777589082278725,7.4065286276287186,7.418580902748128,7.469050328437279,7.545587645373163,7.4391631335431185,7.476849810872103,7.529158554683241,7.619471239362486,7.447301975551555,7.617788496312948,7.673407416498525,7.52294091807237,7.693843308365121,7.631674118208836,7.611265246577629,7.6164066460780475,7.666322493873198,7.766352694623274,7.712609169756746,7.682375271141873,7.724839360772844,7.741354295011178
Pilar Centro,7.380114621920332,,,7.406310810156313,7.264430222920869,7.335199293809077,6.965384391818773,6.9818632511358585,6.993932975223189,7.0500715011623925,6.961822500252413,7.320600494387924,7.367287608360577,7.348067118420469,6.597600350678298,7.013115794639964,4.11454726953962,6.9337307653853975,7.013115794639964,7.176019265576817,7.170119543449628,7.268768624519468,7.259679620162271,6.932447891572509,7.182600204673237,7.1034998561082325,7.048833877242043,7.05617528410041,7.208176377211347,7.0620726393664945,6.812753252499151,7.013115794639964,7.038783541388542,6.970556180221167,7.179688994465779,6.848036044280515,7.1441440570463675,7.207786932455746,7.178630233117537,6.979214242964282,7.038783541388542,7.019652318346637,7.0412866716066596,7.080857101017855,7.124880757970784,7.120848494442845,7.166341404823141,7.091678117143066,7.1308988302963465,,6.7922423918602925,6.923167557977024,6.839877856579052,7.1308988302963465,7.178045608722049,7.1308988302963465,6.551080335043404,7.173458444715143,6.725433722188183,4.441197767862334,7.162647528610927,6.620073206530356,7.016954570947129,6.671366500917907,7.256061973250353,6.761151804790262,7.1308988302963465,7.05085612262281,7.023268166103981,7.164800381972028,6.979348390236865,7.117475809964206,7.058037482031475,7.003065458786462,6.9767481504690885,6.953968122137269,6.99698641271008,7.170119543449628,7.170119543449628,6.987306117889815,7.004605104972055,6.990316879675158
Pilar Del Este,,3.9724321332237063,,,7.230178518396115,,,7.385630063289488,,,,7.108425974444288,7.096997278620665,3.836673568186359,7.037808407230335,7.152877737015122,6.980999182522981,7.13623217627171,7.21122121913518,7.126890808898808,7.165584388284237,7.090076835776092,7.1308988302963465,7.120087914192131,7.047801352627854,7.092432549468551,7.074828728974744,7.089101701617885,7.1034998561082325,7.018980914092362,7.075580043917012,7.090076835776092,7.034556658381597,7.072058330273413,6.98829414146615,4.847731823159402,7.062948168387839,7.052937288826635,7.062948168387839,7.036646292050158,7.054985515964821,7.071166269376663,7.028899662341225,6.998212389137389,7.03844984413678,7.04030193494412,6.980704278628305,6.918928579580262,4.623862319000244,7.086447067725513,4.775069222783489,6.9436872882082,6.934652269909434,4.795379915631052,6.892006922013998,6.956545443151569,4.767689115485866,5.8912079433683315,6.90203719673121,6.809315206168884,4.867534450455582,4.689314862495645,4.775203911988353,4.854468015431557,4.776702696791228,4.651107281175117,6.927299875055107,4.680677738496237,5.7201773860676965,4.597923777467324,4.50496432091893,4.606959096662034,4.56594947283481,4.848516444619821,4.684607016636126,6.968379900798572,6.729709863095842,4.539382445450088,7.042103331513215,4.691480347470774,4.466374894244027,4.480746472114234
Pilar del Este - San Ramiro,,,,,,,,3.8835850701076127,,,,,,7.139776504328364,7.163688653119338,6.922248286284704,,,7.003065458786462,7.134528598346925,6.876006580667557,7.077654315777535,4.197854938591766,7.088894103527042,6.956263747938331,6.920285146949237,7.023926710744179,7.003065458786462,7.077515324104871,7.0311994700732585,7.0311994700732585,7.086447067725513,7.085768180995283,7.06784069432921,7.162647528610927,7.06494086250455,7.123978387451773,7.086447067725513,7.066578864508788,7.047221407126474,7.070618524205944,7.066244360407993,6.989993377219109,7.075642575012719,6.907755278982137,7.013115794639964,5.975591197951692,5.711081777137813,,,,,7.054000779302282,6.907755278982137,6.900409921277135,5.897938489097158,6.974446653480809,6.953740392223961,7.045905617462954,6.838135644704376,7.032918421936143,6.866206276069264,6.845189106878127,5.6958318194216915,6.999322472507628,7.05085612262281,7.032918421936143,7.097245325254704,7.0748563230254735,6.9922819725622585,7.101911293423094,6.982851772330687,6.983350598081527,7.095271652653196,4.836873366306795,4.551290952311188,7.098109007473356,,7.050318343637008,4.642211457668441,4.539418808425311,6.975961206727075
Pilar del Este - San Ramon,,,,,,,,,,,,3.814694661467584,,,,,,,3.7831901335851774,,7.1022572543329625,5.785762541669964,4.1689334192131735,,4.353855757707185,4.562894702839853,4.603000451842214,7.193141139173568,6.928233810325678,4.66318458104872,4.66318458104872,7.066360309158775,4.7303333289420975,7.046706739075999,6.940725298219707,6.914355963013489,6.920742474508948,5.889064932333169,7.144597674654508,6.980250781020291,6.949215106853261,7.010117291643707,5.904850074271211,6.276016726550835,6.119297918617867,6.858275221718768,6.816138171266271,6.9263316645550725,,,,,6.961459457953998,6.853267093698068,5.697093486505405,6.892232215795644,6.934783951370056,6.907755278982137,6.859153781136323,5.741761722721417,6.931102642979128,6.781925247040427,6.813003715580711,6.907755278982137,6.8923694496487595,6.781122628048771,7.052937288826635,6.957454947534409,7.030010229275423,6.781122628048771,6.933563162938009,6.933563162938009,6.975963529008671,7.115860952931806,7.1308988302963465,7.1308988302963465,7.1308988302963465,6.277908229308617,6.938238295707213,4.603110453025081,5.745791882733744,5.973253010044044
Pilar del Este - Santa Elena,,,,,,,,,,,,,,7.148917335799025,,,6.876404749098061,7.022685245656114,7.057873695281457,7.146166302427135,7.197707499968457,7.0412866716066596,6.9369544336744,6.932633623105256,6.907755278982137,6.9500150882720195,6.988335765641477,7.088934631197315,7.025538314638521,7.034169203837796,7.061905958809396,7.105581022312057,7.098426688815872,7.061060292797052,7.04922079928208,7.05934840847601,7.123351624660963,7.072058330273413,7.0869072610148125,7.0947938256542304,7.054985515964821,7.0951529888079525,6.939843593533638,7.0869072610148125,6.9385269376488905,6.870615732032681,6.682367057814103,6.908636610539064,,,,,6.927957986299656,7.066282354364192,6.95762710902231,6.95762710902231,6.949215106853261,6.995947991017598,6.930355110899378,7.0532628626533755,6.947760613595836,6.878767742108884,7.019967269589065,6.952207041552971,7.00953797329208,6.872102287155745,7.016954570947129,6.963325130136948,7.013115794639964,7.143535414300859,7.051500037648279,7.009041960353362,7.0431599159883405,7.046065841528315,7.108425974444288,7.074076494429651,6.933900559086459,6.963325130136948,7.138278937593969,6.996420916067794,6.956797463551733,6.991068868259822
Pilar del Este - Santa Guadalupe,,,,,,,,,7.233177679416765,7.129212488057027,7.035588650492022,7.1439027675677105,7.286091719702049,,7.2875526403417235,7.18248619908684,7.282448728423548,7.1873401412012985,7.033260360732431,7.144504482352126,7.290747531238243,7.099646286792242,7.03363552487114,7.188057244136296,7.058037482031475,7.017642568648332,7.103055312869082,7.234798425314499,7.074328478807953,7.207271809080921,7.154499631038494,7.148917335799025,7.12031672096581,7.165584388284237,7.1034998561082325,7.177179582860353,7.079073762431761,7.121329379280196,7.13672975060714,7.195437351433918,7.154996381875407,7.1034998561082325,6.35389224330221,6.912616709721023,7.038783541388542,7.070274208479912,6.837551020308888,6.968379900798572,,,,,7.105581022312057,6.460443060938473,6.98829414146615,6.945495606964984,6.985665483006914,7.048833877242043,6.911099773057535,6.914444267132934,7.022358661721141,6.888827269096618,6.95762710902231,6.967793323338848,7.172383242967809,7.0200844639560565,7.153888348521045,7.082959368007228,7.084685987141215,7.119298633711129,7.073740416456398,7.0080780006100065,7.115860952931806,7.20414929203594,7.090076835776092,7.07727773885725,7.234636824737585,7.105581022312057,7.146323300621979,7.15046547866893,7.1791002535161565,7.136596851410984
Pilara,,,,,,,,,,,,4.643978081136646,,,,7.834517310723587,7.105809098864725,7.758294633293512,8.078938260485081,7.699227212053068,7.880285729179168,7.032706804117133,5.520441029961501,,,7.413690917453936,5.448210456122654,7.716356323738761,7.703901699014229,7.803080882391248,5.465371451211203,7.413690917453936,5.528804892118005,7.582762895991922,,5.703782474656201,7.815747208041597,7.532805204520079,7.332785542585142,5.4608362960458114,7.487573774235079,7.5162365351270894,7.567000907866401,7.536363938404511,7.72385393396036,5.44141821018871,7.536363938404511,5.541731939694923,,5.298507879028909,,,5.570251082031678,7.4263029488420385,7.807238892539911,5.271600537650039,7.641724454062338,7.631674118208836,7.5292464706356474,7.836904165799661,7.534316854782786,7.512553289710793,7.72396255229931,5.334411351739783,7.64099691674396,7.663986434968659,7.718685495198466,5.495375547386572,7.66048917198037,7.45612797534338,5.349309954272669,7.644140138596729,7.710968866237321,7.652195753929632,7.596240446436271,7.745370891556499,7.644140138596729,7.7900162622699805,7.656252554625247,7.745370891556499,7.606981505618465,7.645142339122307
Pinares,,,6.8972839791148415,6.759335273863864,,,,,7.495541943884256,,7.907927494836994,7.317134286411438,,7.351815206435867,7.4673710669175595,7.124164798115003,7.446594091738245,,7.221870608502074,8.13963687142515,7.382702615083226,7.583306697651703,7.495541943884256,7.495541943884256,7.5231537066677046,7.5319095880551306,7.406746445101125,7.3098814858247865,7.340495368717334,7.495541943884256,7.383178975697212,7.4524824544238095,7.483495303192452,7.628156656941582,7.706851037551463,7.176489056338343,7.4673710669175595,7.602202850392111,7.495541943884256,7.600902459542082,7.708533123734448,7.472648124018404,7.434085089284093,7.3194900001038965,7.412311289734532,7.755053139369341,7.574830219232307,7.737314315031959,,,,,7.146166302427135,,7.644907898203439,,7.598073289860939,5.364140663273709,7.442001176956226,7.66686042733388,7.461140517166924,7.640433298298718,7.718891214189231,7.629145671855477,7.873942982000915,7.622642446178488,7.6359937793533526,7.70439297450052,7.924689536635979,7.661527081358517,7.806654268144423,7.9835900059509495,7.747858770643291,7.755053139369341,7.698734708779117,7.755053139369341,7.616092625036058,7.77140227737087,7.733135169980141,7.767695049598196,7.791268438811047,7.759507489718721
Playa Brava,,,,,,,8.130420216320225,8.191220521615433,,8.460034777576288,7.935271645966516,8.006367567650246,7.673223121121708,7.658966260496844,8.106375029016508,8.15207937883164,7.9958962677829515,8.221212316149762,8.18154705975733,8.04111051609412,7.940770285164434,8.197154348030669,8.211811541865055,8.161638905399013,8.069880973372573,8.1886891244442,8.207038263112398,8.077826531632391,8.011392735576997,8.231632010533595,8.18154705975733,8.060434788920523,8.185059356393623,8.111728083308073,8.246620946530916,8.174248440289407,8.184328896171223,8.211345154340762,8.208370708346177,8.099149301101212,8.22114286929394,8.247529624467134,8.156873030846166,8.192416994558215,8.180720954795024,8.191555383167627,8.111728083308073,8.128596909218423,8.389359819906353,8.164711125737542,8.167817549959116,8.242089901171317,8.234960723732021,8.17188200612782,8.276415570683298,8.18342001176419,8.207038263112398,8.184487437590501,8.229511118964457,8.136543252427797,8.28218070160505,7.990172881730266,8.253640101764152,8.417109732859254,8.242129582923669,8.25450381386425,8.331640614040836,8.320323072412988,8.345342934489578,8.28760031642212,8.304099975955529,8.34283980427146,8.35722854172356,8.294049640102028,8.344723931065294,8.340736754074682,8.242756345714477,8.303619091118179,8.262959053031997,8.333789968751542,8.392030048462232,8.250714921005358
Playa Grande,,,,7.673223121121708,8.268731832117737,,8.150261747310315,8.081875120158392,,,7.505592279737757,,7.600902459542082,8.353563767634435,8.182824004991803,,7.75735463635762,8.144517906131064,7.706262975199909,8.01164462475109,7.741017280824626,8.022896869601457,7.878113232126568,7.911057387845922,7.869166446136762,7.824046010856292,7.911057387845922,7.786619605337175,7.73948862282823,8.066607648027604,7.774565953592922,7.778583636779535,7.968627239667399,7.991100095519458,7.90100705199242,8.008499767043475,8.010631966436705,7.824046010856292,7.960457866346169,8.002656988253712,8.019106593427676,7.878113232126568,7.964542553006784,7.936660155225426,7.829161111523063,7.940842361068241,7.922486083669544,8.009833775626733,,,,8.013872293304315,7.94540686786056,7.957577403480815,8.082087502021778,,7.9062841090932645,7.908545274556402,7.879432611140149,7.858731568844182,7.919356190660617,7.849363818840582,8.05487921907592,7.937374696163295,7.986564940354067,7.853033547729544,8.057799741282517,7.810252688723956,8.053220734299284,8.093378944639877,7.957577403480815,7.832704073599406,8.06755524060354,8.006367567650246,,7.8737016013021535,8.006367567650246,7.849363818840582,8.074029589269767,7.952300346379971,8.024835110642357,8.033742729196229
Playa Mansa,,,,8.094920964991692,,,,7.32896874405844,,,8.2170885989659,7.748538458348147,7.914700379124423,8.006367567650246,8.163570138946515,7.606633134251068,7.850363319173665,7.957577403480815,7.965950324291393,8.026986854852982,8.119510223750128,8.095979726339934,8.135538732001791,8.077241907236903,8.073506870487876,8.14170891552001,7.9929619389249185,8.08786060190143,8.1048076404635,8.14724371626881,7.989560449333865,8.023759310362117,8.073506870487876,8.194419799153186,8.15711108915589,8.253227645581772,8.116368462864575,8.201676319971012,8.111728083308073,8.200523582091204,8.172638132939387,8.13007722197627,8.17443346700475,8.1886891244442,8.204818506374085,8.18043922497206,8.264196676952347,7.976514604500566,8.315555845322992,7.964745892959427,7.777089027768521,8.160518247477505,8.210668031162976,8.289455427074824,8.18791722166562,8.194419799153186,8.091812773607131,8.10419981688728,8.229511118964457,8.248929204821557,8.189980280207822,8.259364082114137,8.127728424654514,8.329140959913298,8.282999803915443,8.201918459890738,8.236200107115254,8.305884097749031,8.294049640102028,8.263521546030992,8.268731832117737,8.38034534844057,8.31174921720143,8.313594236174998,8.349619491256838,8.303045203010605,8.163913836478644,8.284570896147484,8.271060121877328,8.315823439651588,8.275773406329428,8.035890006916569
Plaza Colon,,7.536363938404511,,7.59965167764043,7.881494237768838,7.563162131559236,7.7428915743300655,7.619358544362993,7.498623610421665,7.359740402725194,7.374520912954098,,7.652489828332576,7.45298232946546,7.632480914454318,7.561681746388801,7.597956949312326,7.589729158943957,7.277502304488222,7.495541943884256,7.523941418405954,7.49170316757709,7.477927397183274,7.613099026518688,7.450108542158227,7.5103884520012505,7.536363938404511,7.423568444259167,7.508529139411067,7.4936883752349335,7.418580902748128,7.455394875870844,7.477523438381578,7.428482216396217,7.526024960609332,7.398378195430608,7.455876687491824,7.476849810872103,7.435578479116699,7.495541943884256,7.473139979133458,7.5012574052218675,7.521939415735281,7.496748944634291,7.47711931633122,7.462066014687866,7.49170316757709,7.417469173895437,,7.3777589082278725,,7.408530566894626,7.35670549903004,7.510337102801003,7.474961236184235,7.4673710669175595,7.452732391944634,7.4673710669175595,7.409574953412532,7.485520385423237,7.4761238580271545,7.481868641984047,7.528517140699806,7.425120420719452,7.4041921652960285,7.458307560764212,7.449756520216577,7.47830013744975,7.510337102801003,7.490901564327754,7.4740712594873795,7.618062079824909,7.531195047117262,7.50663538630654,7.525982394208859,7.5215657173055614,7.4673710669175595,7.504877738799888,7.455876687491824,7.507453292077604,7.532079689807691,7.5215657173055614
Plaza Mitre,,,7.331569525758498,,,,7.239889114004752,7.521765138983358,7.025538314638521,7.418580902748128,,7.4524824544238095,7.532991253925872,7.449212641012542,7.4041921652960285,7.393263094763838,7.665018594189741,7.6596277455548645,7.673223121121708,7.429052202615423,7.5516314105352995,7.649692623711514,7.513891082552453,7.454298985350207,7.647422475176976,7.41268118062094,7.668783602176343,7.562681246721884,7.481101259729462,7.575584651557793,7.509741681145105,7.565811139730812,7.67031191091425,7.547413774591096,7.54446114863713,7.600902459542082,7.6559622367251094,7.54118322484046,7.540277837725648,7.578656850594762,7.565811139730812,7.513891082552453,7.472648124018404,7.547413774591096,7.47034955465543,7.517234768495515,7.55438244390719,7.54118322484046,,,7.461140517166924,7.569153761227502,7.264430222920869,7.531114039312104,7.547099753549106,7.487573774235079,7.442678454327188,7.399834859927072,7.5398186425549785,7.544138463888919,7.441248861517594,7.459402897268383,7.55211229537265,7.480274471753468,7.393620812528339,7.494430215031565,7.599792081172676,7.511615768715317,7.59537754144879,7.483119423885699,7.526662203966879,7.658313366755421,7.630916255345734,7.598574169782491,7.6842840684811335,7.575584651557793,7.55211229537265,7.253501152388679,7.608934631239347,6.3016194754118215,7.636540264581958,7.549948116852754
Pocitos ,,,7.953478103729874,,,,,,,,7.97615378905375,,,,8.10645102620723,,8.017348729891907,,8.06293791913864,8.016123742595612,7.959387358726054,8.053356077086166,7.90959513205622,7.948500185329698,7.895701999762728,7.919837075497967,8.022896869601457,7.772752716468742,8.048927182069043,7.897724964114973,8.025606019951617,7.867848633514685,7.824046010856292,7.970649485048168,7.860859983979008,7.7632164500085015,7.85062832513785,7.959450647862495,7.864868005376548,7.934046906070621,7.860859983979008,7.9429395407967025,7.943847210668912,8.049852679589986,7.824046010856292,7.941829046512676,7.882314918980268,7.970649485048168,,,7.89894731902941,8.11079741781512,7.99799931797973,7.904088718529828,7.983894711798188,,7.9473692268882905,7.8991666413244,7.9492091538102985,7.978664965100911,7.9141971078505895,8.055764587944326,7.962796319356607,7.973577744827256,7.991100095519458,7.96922802070079,8.017574860142798,8.007019624556653,7.957452395667664,7.98928213338277,8.017210024475686,7.99203271911242,8.053620452500793,8.017031719202762,8.017417403836832,8.062753141876183,8.094336340596204,8.015419949395588,7.988349062147568,8.089993523907253,8.009833775626733,8.079889671538027
Pompeya,,,7.237442078203222,7.3482001059863284,,7.5652752818989315,,7.644085730248017,7.167266474467222,7.2655652971881395,6.310751958975094,7.3098332727013435,7.003065458786462,6.868090022589706,7.18032371362387,6.907755278982137,7.354042381610556,7.03992705209062,7.343992045757055,7.418580902748128,7.170119543449628,7.074991198358051,7.060223872626411,7.025538314638521,6.878767742108884,7.494780619142497,7.003065458786462,7.111354234223376,7.115150473328208,7.113199253196946,7.246730645821469,7.084034521320129,7.06494086250455,6.961822500252413,7.1308988302963465,7.016659812637236,7.175070048609484,7.193369098369859,7.043887453306717,7.163688653119338,7.11254969162815,7.076375299786244,6.944122923153012,6.789972243325754,6.843216757844566,7.02108396428914,6.91530248461752,6.788260252389406,6.567322641144827,,6.847130657165702,6.959048573369688,6.978177743278683,6.832853970809019,6.820636311481887,6.957235336245507,6.774223886357614,6.830794237846009,7.0412866716066596,6.649244583830636,6.725433722188183,6.801933060097893,6.767544022762649,7.071544587647164,6.784432062950138,6.89533275898358,6.821893988375745,6.710145029673092,6.651178822219596,6.931298813884016,6.8505968651421885,6.907755278982137,7.087007809890018,6.93195040105619,6.984548212788287,6.982718317455593,6.980250781020291,6.900637811213273,6.884753914859246,6.923141108315514,6.907755278982137,6.862798210658342
Puerto Norte,,,8.125151103640214,,,,,,,8.075360439137198,8.323821798435699,8.006367567650246,,8.327951191777709,8.111728083308073,8.063208267206694,8.252500637189156,7.9234184846694955,7.832704073599406,8.054569669468124,7.790144459180611,7.888584531993863,7.904141827094865,7.98273596311697,7.939115340641079,7.8467374220583626,7.937374696163295,7.641724454062338,7.920286102997945,7.9234184846694955,7.9228918454929245,7.9234184846694955,8.001842649890287,7.937374696163295,7.953723834164824,7.984388660931471,7.925142127727661,7.790144459180611,7.946648332948625,7.78942445082049,7.864868005376548,7.9012942219346325,7.757534530220726,7.852216887822989,7.803746823931148,7.899580517501217,7.804620599722854,7.88120442469624,,7.936163308976998,7.512230964059235,7.94330943168311,7.957577403480815,7.7950584739830395,7.8369494156922,7.9326798518590875,7.809447211435139,7.9115560950971044,7.8098203002440965,7.890398794315147,7.672893197001263,7.773443835615567,7.8632667240095735,7.824046010856292,7.984388660931471,8.1886891244442,7.902689138175405,7.860859983979008,7.937374696163295,7.898153983010014,7.8877034744971635,7.852216887822989,8.00097671901537,7.869166446136762,7.985090169202961,7.864868005376548,7.855987202800101,7.938456362034036,7.824046010856292,7.9724660159745655,8.000796522600792,7.869866236313974
Puertos,,,,,,,,,,,,5.270417529019237,,,,7.649974353534479,5.465891066707436,7.352441100243583,7.4673710669175595,7.343545716805214,7.354254903514935,7.304852137419785,7.313220387090301,7.365830337362599,5.56822726925402,7.112826049236652,5.668528896204302,7.3676144591561,6.620073206530356,5.560246942897403,5.354108104461157,5.603138948876514,5.860324042318184,5.612480316249415,6.282370200523011,5.5434398245810215,7.374686709190902,5.487938225823603,5.552798992468395,5.591697911338796,7.1441440570463675,7.083645945445801,5.856177939019001,7.052933898371833,7.254277851456852,5.838130527187279,7.295520809990901,7.322699131044845,5.51819116018069,7.236259345954173,5.385328743537666,5.378987144984803,5.622157971636953,7.280838977587262,7.052937288826635,7.83215033681312,5.426205390029822,6.363028103540465,5.535376385924221,5.9044531701183525,6.0348638626425375,5.8193803994072475,5.4386247921918205,5.308899475878573,5.469197774295786,5.471348876434899,7.195437351433918,5.455069701151475,7.3727463664043285,5.535376385924221,5.4632082740688155,5.464907187194755,7.251135825028847,5.434118907707099,5.478427014713298,5.705508100623671,7.277502304488222,5.38502062460132,5.480638923341991,5.635085943369966,5.809142990314028,5.522657484946634
Punta Ballena,,,,8.640807147383414,,,,,,,7.506591780070841,4.02535169073515,,8.194419799153186,8.10101741445549,8.227647185526394,8.312194640804627,4.392750598036857,7.282448728423548,4.155449848596686,8.125714325282813,7.611484568872619,7.975595908983493,8.010687228794763,5.094569745581406,7.824046010856292,7.519141389342526,7.641724454062338,7.725662295372251,7.824046010856292,7.680945167215619,4.0943445622221,7.8122115532092895,8.144517906131064,7.457801615901409,7.513891082552453,7.991926883495452,7.438989774379335,7.683895028279213,7.581599707287554,7.641724454062338,7.641724454062338,4.572628532914482,7.653088212712652,7.116300030875194,7.159069707263043,7.840312102400189,7.700363531338374,,,5.125204748839392,7.852834839333461,7.06494086250455,8.133367258411555,7.592534209871566,8.133367258411555,6.351956289573415,4.563927227454042,5.65225320811227,8.452654670278667,7.543744045702134,7.669895331029034,7.360848436079556,7.870566026491185,7.868051449517649,7.06494086250455,8.019790587982387,7.3512055002753565,7.844086761739738,3.654671282784199,4.216399208229406,8.213812209421352,7.793274352189538,7.911057387845922,7.820021860556567,7.695543966636771,7.441570420972827,7.326465613840322,7.773017219250921,7.696212639346407,7.911057387845922,7.680945167215619
Punta Carretas,,8.137454015260218,7.890295396397493,,,7.953723834164824,,8.204053186268945,7.81796696477991,8.152736502378612,8.094291226796637,,,7.952300346379971,8.134500519749551,7.904088718529828,7.997914431939188,,8.047189562170502,7.9053720746469445,8.006367567650246,8.116480020855874,8.066005833969978,8.047189562170502,7.902790378367848,7.8632667240095735,8.122199383175369,8.148457288600536,8.107927767799742,8.092982040487017,8.105221120800135,8.0442222009427,8.159383173210236,8.064283475412807,8.073261802480276,8.118285483854232,8.19615184564579,8.10521340228688,8.164972597826885,8.098122431252294,8.11817852054224,8.096857920828622,8.070906088787819,8.190183727765113,8.054569669468124,7.962692504147585,8.118285483854232,8.158778358814484,,,,8.559304264651866,8.091889741088409,8.064436795262377,8.138012046036144,,8.080406690321738,8.086410275323782,8.16329217436023,8.086410275323782,8.130716604502084,8.091727416601403,8.087832751389898,8.080406690321738,8.127232269844038,8.162713638040941,8.119126266738045,8.126966947471136,8.156179845878906,8.23816918170757,8.126701625098235,8.147059994605415,8.156179845878906,8.179197792610022,8.20283551872902,8.191212706405508,8.155899301621211,8.131530710604252,8.078747402578214,8.157693257673323,8.156701448950804,8.147356747493474
Punta Chica,,,,,7.830918323462425,6.699939873361963,,7.142594870059538,,8.34729415462084,,,7.944005325935271,8.111728083308073,,7.471690728062076,8.046487561439672,7.543892204825303,8.374092347775564,7.418580902748128,7.712473160218187,8.178217824576906,7.573012789018238,7.959730582826036,7.957577403480815,7.606699577226408,7.911057387845922,7.8366247930631525,8.051103461491639,7.824046010856292,7.622411152083928,8.08274054643482,7.640123172695364,7.628301433730197,7.743193914227197,7.878534196140362,8.016389642234838,7.813995675002791,8.059480538617375,7.865431227019147,8.092309997450972,7.8953185641752075,8.101677747454572,7.706262975199909,8.06293791913864,7.957568279351599,7.789614595959257,7.911057387845922,,,8.292168533958678,8.299589820477642,8.163261733423257,7.726882262402644,7.689126692956921,8.232356071096687,8.031685375634536,7.558342845123287,7.884670632672727,7.8122115532092895,7.743336414195052,7.761245109617262,7.959847552015354,7.760710135684481,7.560080465021827,7.844248718173811,7.8632667240095735,7.798728202872002,7.731930721948486,7.739281643358691,7.7928008638566,8.06946617654916,7.957577403480815,7.963807953231451,7.7533973025355305,7.782476759622297,8.081875120158392,7.972612287884052,7.931302341913759,8.002192196239767,7.957577403480815,7.879125999037271
Punta Mogotes,7.536363938404511,,6.9923126670102,7.457801615901409,7.696212639346407,6.894332258649996,6.571283042360924,7.385791079925137,6.9923126670102,5.061928588483807,,7.069529883920055,7.690514618231769,6.907755278982137,7.054758566599742,7.274686723088059,7.1308988302963465,,7.249504572704193,7.141370130163642,6.980075940561763,6.761151804790262,7.256061973250353,7.061905958809396,6.8489147789592035,7.24422751560335,7.05085612262281,7.074809363645303,6.959048573369688,7.195437351433918,7.0412866716066596,7.061905958809396,7.167266474467222,6.998727057187864,7.052058768588571,7.071206671784669,6.981367096325383,6.9485772735023925,6.989993377219109,7.019327054639242,6.9912823213137205,6.993277452420299,6.79920576359679,7.108425974444288,6.931565947648194,6.8505968651421885,6.214608098422191,7.140536449415065,,,7.1308988302963465,7.3777589082278725,6.856784825598198,7.170119543449628,6.872037196380058,6.600270579234176,6.9818632511358585,6.907755278982137,6.9887243415158045,7.061905958809396,6.882437470997847,6.96659577900507,6.987797986655673,7.217910207285977,6.993697708782862,7.164475125829951,7.126444479946967,7.05085612262281,6.973352561467951,7.032918421936143,7.046427719578888,7.126008845002155,7.074809363645303,7.025538314638521,7.100127171629593,7.277502304488222,7.070274208479912,7.061905958809396,7.07608439459609,6.9767481504690885,7.06060641346731,7.082443099710698
Ramos Mejia Norte,,7.600902459542082,7.6127369171890855,7.755053139369341,7.975595908983493,7.483119423885699,7.957577403480815,7.953123053131434,7.253501152388679,7.354042381610556,7.879615862011103,,7.864868005376548,7.769978789586016,7.629889996415335,7.858984062217573,7.541813543172076,,7.55211229537265,7.641724454062338,7.707512194600341,7.5883236773352225,7.751725349276666,7.656991926193126,7.682819582009969,7.56331974839304,7.529443495559938,7.6127369171890855,7.718685495198466,7.313220387090301,7.658938545168459,7.525190637806386,7.313220387090301,7.318335487757071,7.578923552823307,7.344195191389732,7.525190637806386,7.578923552823307,7.28043056426731,7.72839627744197,7.593180413448172,7.6127369171890855,7.181499843590136,7.468842737529016,7.5267944873883605,7.22012996402429,7.941829046512676,7.600902459542082,,,,,7.3777589082278725,7.543744045702134,7.272869091566734,7.487573774235079,7.338538195074592,7.728735831051967,,7.47830013744975,7.5468352382718065,7.585634987411294,,7.282740037195458,7.473069088032197,7.5267944873883605,7.433848374878917,7.256061973250353,7.190322250767148,7.354042381610556,7.418580902748128,7.429480193206164,7.320140829934875,7.245925310103919,7.595331414492627,7.397929463069325,7.381916918376536,7.295108637147255,7.408530566894626,7.3855410486699276,7.365388967669779,7.290747531238243
Ramos Mejia Sur,7.937374696163295,7.45298232946546,7.802539805635329,7.568863105797465,7.758805488987891,7.883765245557915,7.718685495198466,7.505592279737757,8.160518247477505,7.684783943522785,7.7950584739830395,7.572731582575386,7.628301433730197,7.74993803870257,7.149947025267041,6.1843602132644735,7.600902459542082,7.313220387090301,7.325490479682116,7.561237203149651,7.549609165154532,7.479205524564563,7.480274471753468,7.549609165154532,7.576804907963022,7.622721506936722,7.435822709182633,7.518128442557051,7.6152267868302355,7.561681746388801,7.523661466599037,7.536363938404511,7.516345071514019,7.43227974710629,7.352441100243583,7.446751779714824,7.332320558463721,7.569811872472052,7.4424321185703075,7.399162816891026,7.384679351072446,7.4673710669175595,7.313220387090301,7.338538195074592,7.264430222920869,7.418580902748128,7.398378195430608,7.182192124683898,7.387328359244023,7.19550469603635,7.536363938404511,7.195437351433918,7.393263094763838,7.326465613840322,7.264430222920869,7.24422751560335,7.461140517166924,7.24422751560335,7.600902459542082,7.438383530044307,7.318335487757071,7.240899725510675,7.313220387090301,7.396601996029353,7.343073350239982,7.3002976169249525,7.4673710669175595,7.416135910101032,7.320287554313394,7.346010209913293,7.365180126021013,7.287244900687041,7.393263094763838,7.313220387090301,7.337173628112795,7.313220387090301,7.325593495132967,7.289963524926034,7.344472930594406,7.250992447426611,7.296009350359947,7.330028692489794
Refinerias,,,,,,,,,,,7.4250117930784185,,7.626877945945343,,,7.957577403480815,7.734433852166605,,7.4250117930784185,7.999250099881383,7.4938043239857155,7.061905958809396,7.119064372649344,7.447532724697895,7.317314558622964,7.445986647009241,7.435110204699338,7.5508920389674214,7.448561734960063,7.798728202872002,7.3495880312611765,7.4041921652960285,7.313220387090301,7.6127369171890855,7.447532724697895,7.449352561414881,7.423971751383004,7.598399329323964,7.235788646957485,7.501529985728879,7.41114592426061,7.411758249362448,7.05617528410041,7.33069998370721,7.3777589082278725,7.561681746388801,7.41114592426061,7.3495880312611765,,,,7.495541943884256,7.490901564327754,7.328605305929781,7.441474722613981,7.584641938670302,7.436834343057478,7.156216638280637,7.4399720927294455,7.2107177367044715,7.145787442790097,7.351247782679541,7.358682761167059,7.29641326877392,7.232885238999415,7.273600834721311,7.299234145115562,7.360817203972443,7.4282897168750885,7.330569025424914,7.459665975348294,7.217910207285977,7.422210670798706,7.422210670798706,7.298621587669149,7.442016628225744,7.51167132581414,7.6192564335619775,7.514873027117669,7.464043276824885,7.436399763544744,7.501135640223773
Republica De La Sexta,,,,,,,,,,,7.611713375646298,7.710101751507074,,7.29641326877392,7.334497785537586,7.333423094407821,7.24868186595273,7.351441599910499,7.402832545779988,7.137079689371428,7.269257263669186,7.313220387090301,7.264430222920869,7.2015163975103,7.338538195074592,7.259975872571489,7.259975872571489,7.262503438262874,7.313220387090301,7.226209010100671,7.290747531238243,7.313220387090301,7.267758013013544,7.3495880312611765,7.28043056426731,7.321519189904997,7.246457170930619,7.313220387090301,7.27931883541462,7.240899725510675,7.313220387090301,7.304170551570383,7.121329379280196,7.264430222920869,7.24422751560335,7.208509433001271,7.206998173834994,7.250700030108967,7.247915288682535,7.210941537969883,7.148917335799025,7.150821691484832,7.213136928533319,7.188657664448539,7.198183577101943,7.1909530164425375,7.198183577101943,7.226209010100671,7.136596851410984,7.208860371766058,7.143502002449672,7.264430222920869,7.2663890874062025,7.229615787850404,7.256061973250353,7.2293389031096,7.267758013013544,7.313220387090301,7.24422751560335,7.2078598714324755,7.220317563687161,7.1924474779447625,7.313220387090301,7.313220387090301,7.313220387090301,7.334848539673331,7.313220387090301,7.27931883541462,7.3395376954076745,7.313220387090301,7.3395376954076745,7.170119543449628
Rincón del Indio,,,,,,,,,,,,5.438079308923196,,,7.415242001482613,7.287244900687041,,8.272070733383252,8.073541593915786,7.759179934616736,,7.682554235021179,7.9062841090932645,7.995194267052121,7.614481717668463,7.565964408180802,7.866605625275088,5.239821159866428,7.805163823134962,7.801573155004234,7.907586023090463,7.965545573129992,7.785727146554155,7.704451740107514,7.965545573129992,7.718685495198466,7.93129154120989,7.600902459542082,6.760525041999452,7.9229859587111955,7.325054844737305,,8.225223449172175,7.791957696304792,5.965407012788693,8.345342934489578,7.333547835181549,7.8632667240095735,,,,,,,7.889362396357885,7.783224016336037,7.7912561880333016,7.248286374549513,7.693992882608094,7.712423733974489,8.419001165237024,7.391181928560013,7.918233225915993,7.8632667240095735,7.5319095880551306,5.1338711615810455,8.211811541865055,7.893038882343244,8.289037098278483,8.146632849004828,7.987791182077311,8.229511118964457,8.721952826896933,8.081875120158392,7.893038882343244,8.289037098278483,8.052135986105828,7.876005749787003,8.111728083308073,8.168375118972724,7.966799893184048,
Ringuelet,,,,,7.517520850603031,,,7.141748846320413,,7.1308988302963465,6.620073206530356,,,,6.683360945766275,7.003065458786462,6.885776372263361,7.106206217705975,7.141370130163642,5.062869322533659,7.31722840848784,6.941656830657818,6.721855900840298,6.765583693389004,7.1308988302963465,6.6926438993651916,6.786394421977869,6.96659577900507,7.003065458786462,6.725433722188183,6.758377877907536,6.609920835066338,6.589301547863602,6.3055798766279185,6.439489269634942,6.8277125713086,6.7452708875688945,6.812445099177812,6.590514404288812,6.637120002695257,6.821577582741084,6.725433722188183,6.424903507258552,6.5599192837106095,6.684611727667927,6.745236349484363,6.611023371010438,6.785537646257888,,,,,6.18562056154894,6.528265657277234,6.33943116315493,6.740701194318971,6.023552861659483,6.533061829540727,6.36875877824945,6.628788428105918,5.974657428791601,6.544849785292769,6.084166158773663,6.366157996549393,6.339771241376198,6.594882957701797,6.2444203515897625,6.493886760077593,6.717727582690739,6.677231620370304,6.710021443193296,6.41305903714603,6.826818916021553,6.2509757425930665,6.586171654854675,6.6660794795389995,6.51471269087253,6.310751958975094,6.631501902353979,6.603266088213975,6.694662063521429,6.513101086978188
Roosvelt,,,7.696212639346407,,,,,,,,,8.006367567650246,,7.894663578070245,7.989560449333865,8.157508003586713,7.8022722113067315,8.035890006916569,8.077826531632391,7.858075759442603,7.83931348298708,8.035742176330151,7.969809971916449,7.929406526514119,8.070906088787819,8.031685375634536,8.006367567650246,8.006367567650246,7.966362233036548,8.035742176330151,7.968627239667399,8.097339345855973,8.05288758328514,8.125151103640214,8.073987755325225,8.05288758328514,8.059118133035776,8.147095227145364,8.106272645898525,8.021932084191358,8.040717047664884,8.02249694958013,8.024321371266842,7.99394504765169,8.085059836225911,8.076049090851056,8.025785653507349,8.013561936376295,,,8.006367567650246,8.20164305328865,8.102994403339318,8.175081331975173,8.069168468889277,8.160862510556493,7.9958962677829515,8.057660862037798,8.135766735859951,8.067276320737239,8.125912718300029,8.104006037214162,8.233395457037853,8.074793979368717,8.166990761983122,8.037620111154352,8.035355104523498,8.111728083308073,8.102994403339318,8.019612794400267,8.167817549959116,8.207038263112398,8.077826531632391,8.061717662733411,8.168886497148021,8.04214114329627,8.070906088787819,8.10710913745178,8.154287697726868,8.056798421277138,8.117593202760471,8.088468075490628
Saavedra,8.549983014239228,7.7950584739830395,,7.989125761215741,,7.975295188095823,7.919356190660617,7.622408664763046,8.21870020286024,7.997783823958855,8.013399427148103,7.848508921741221,7.9671303934561335,8.225335747553975,7.809008133491751,6.895176496775277,7.923675851805133,7.713380442968773,7.846024917575067,7.831426118153915,7.88120442469624,7.925694243799754,7.858857815530877,7.900031917834214,7.831214500334904,7.834123530455731,7.8741227034149,7.824046010856292,7.813463901525755,7.8049978158855975,7.7950584739830395,7.779594248285458,7.84206451635897,7.774881490579334,7.750279860616683,7.7664168980196555,7.780804424817269,7.728735831051967,7.696212639346407,7.7666522475179995,7.664081361163614,7.69806620799573,7.703556613602165,7.711716825882372,7.690514618231769,7.693992882608094,7.660091330932413,7.660406142842703,7.666997386039714,7.571778747820114,7.576209846951711,7.723675939697306,7.700532300490924,7.552310831318558,7.699094485721296,7.724516415509259,7.6842840684811335,7.690514618231769,7.688392534509876,7.652398985309257,7.693894674999946,7.680339290190117,7.675010431695804,7.670383016968961,7.690514618231769,7.734433852166605,7.713622193241919,7.750434193513046,7.764268753203909,7.718685495198466,7.7406644019172415,7.7664168980196555,7.800515513446098,7.837291237606313,7.817573496350675,7.804752807921613,7.824046010856292,7.824046010856292,7.840132148607917,7.803306102344011,7.884670632672727,7.851320992483325
Saint Thomas,,,,7.546414274258012,,,,,7.214485546404612,7.755053139369341,,7.673223121121708,7.74993803870257,7.817125568011718,7.800980737925296,7.5883236773352225,7.761319180947987,7.461140517166924,7.313220387090301,5.333408686359307,6.711044984736083,7.675010431695804,7.536363938404511,7.476849810872103,7.6510190131535865,7.4400212339859975,7.685459847570145,7.5263337640445735,7.628682023649158,7.659171367666058,7.718685495198466,7.600902459542082,7.621521746744818,7.513891082552453,7.538382102560749,7.587657232792062,7.6127369171890855,6.303839232150135,7.74806010387837,7.2891228355112405,7.536363938404511,7.538382102560749,7.415185313746989,7.464043276824885,7.495541943884256,7.604545450820583,7.5363626050702885,7.304170551570383,,,,,,7.382982551101369,7.450145873155451,,7.361672770476249,7.520857668533043,7.536363938404511,7.200912311731399,7.6351915330207145,7.409847222779373,7.476044148170988,7.542658336743397,7.468591323322789,7.449352561414881,7.241528458634185,7.22012996402429,7.1436670119634975,7.450079569807499,7.565563093096774,7.1308988302963465,7.53953351316579,7.700432054889116,7.506467275565967,7.51624576692142,7.299797366758161,7.572731582575386,7.457801615901409,7.412965067298462,7.572731582575386,7.450620256492744
San Cristobal,,,7.466656525979691,7.18692666176601,7.599234402441385,7.213136928533319,7.600902459542082,7.937374696163295,7.175350592867181,7.629073336508779,7.783224016336037,7.840929442091701,7.679796402011745,7.4419396290257565,7.52294091807237,7.696212639346407,7.4673710669175595,7.664081361163614,7.806951577496992,7.652195753929632,7.549258226389744,7.600902459542082,7.600902459542082,7.5468352382718065,7.477769774138459,7.512990587219202,7.536363938404511,7.505592279737757,7.4694852326098955,7.511954973525586,7.633821697703179,7.4819864293485425,7.4398032023377025,7.4673710669175595,7.481101259729462,7.505592279737757,7.418580902748128,7.4795416025378145,7.467215715045257,7.434581244094569,7.418580902748128,7.3777589082278725,7.449352561414881,7.401861143565366,7.3777589082278725,7.365546206092041,7.337928066871977,7.403933612485177,7.337854668048663,7.414572881350589,7.443329072437322,7.27931883541462,7.297149917057693,7.431003422746685,7.449352561414881,7.331569525758498,7.389513871459316,7.306394422019902,7.409448419184855,7.339888634172463,7.417151309938533,7.32848785922109,7.442134941741351,7.385382833338532,7.3645136814778525,7.464566015989951,7.4815557019095165,7.444176449937092,7.4041921652960285,7.4696849900479565,7.421109349101487,7.510337102801003,7.482041256665354,7.497599783486839,7.490718986823145,7.45380233771149,7.5215657173055614,7.474861738646718,7.558342845123287,7.454948546919002,7.444556389151389,7.490627929081827
San Diego Country Club,,,,,,4.582180667763392,,,,,,,,4.930592586422719,,,7.413465802081357,7.483119423885699,7.24422751560335,7.100127171629593,6.833647306828415,7.03751087672468,6.960865104296086,7.295685337376817,6.920101585277322,7.206998173834994,6.18070654674651,7.17741884593124,7.070274208479912,7.287244900687041,7.221428114264126,7.320600494387924,6.138446737456627,7.23911241493658,7.24422751560335,7.161535799758236,7.231221551924216,7.206700443712624,7.17741884593124,7.290029840122186,7.300316982254394,7.186468681451157,7.0412866716066596,6.72329924965955,7.325054844737305,7.325054844737305,7.206998173834994,7.159069707263043,,,7.333839674293037,6.84920893986734,7.204021095125309,7.003941225305866,7.1738700451967095,6.083837867238997,7.07138470276394,7.313220387090301,6.293523990210878,6.814664855916125,6.983292156143527,7.1441440570463675,7.129820856468813,7.272182199725187,7.1308988302963465,7.3132137204014125,6.995658716868517,7.275480059107454,7.327926534479997,6.32121783348045,7.201103088969595,7.201103088969595,7.391181928560013,7.23760071849553,7.313220387090301,7.308144201358292,7.396335293800808,7.396335293800808,7.248421536083535,7.201103088969595,7.216760120902739,7.11870280444499
San Fernando Vias  /  Centro,,,7.9246283331540095,,7.805236678898796,,,7.929406526514119,8.018415906166421,,,7.807238892539911,,7.184008655610295,,,7.761950560914032,7.553335009091934,7.454298985350207,7.600902459542082,7.764907953383053,7.7120859885026976,7.674514276885328,,7.722487781148204,7.505592279737757,7.783224016336037,7.732885232459315,7.698882867902286,7.652212853500435,7.372060887113235,7.706262975199909,7.671520026756036,7.621521746744818,7.501962511687179,7.541813543172076,7.469381117845584,7.5186643613051105,7.543744045702134,7.696212639346407,7.582553320873886,7.616722604473945,7.6368344687681455,7.5422537324605745,7.553828427230009,7.556362644515238,7.546414274258012,7.467354740120387,,,,7.585634987411294,,,7.3645136814778525,,7.504052633552165,7.201103088969595,7.529674950253715,7.402451520818244,7.488106965396738,7.5312225389040925,7.549609165154532,7.543744045702134,7.582553320873886,7.572731582575386,7.384964291949143,7.454298985350207,7.646134994995732,7.585565455949675,7.3901814282264295,7.59807328986094,7.4371384113142005,7.547790469723627,7.644272556242175,7.560628560404142,7.63976026214883,7.575584651557793,7.604362680964369,7.528581797962456,7.596573428170525,7.6219558687399145
San Francisco,,7.594658942902397,7.582326073969147,,,,7.608526384652742,,,,,7.59486014508612,7.598120816580206,,7.595787358875312,7.413303845647284,7.8087785387255035,7.590207170425335,5.153895082345068,7.699300373996596,7.3495880312611765,7.422564987572716,7.184759667375356,7.245309181474091,7.176019265576817,7.290528975888231,7.435822709182633,7.413303845647284,7.372060887113235,7.52631360255101,7.413303845647284,7.313220387090301,7.335465996037621,7.170119543449628,7.320695061507007,7.531376396893472,7.516079267233005,7.141370130163642,7.255353004769753,6.932447891572509,7.344754188824089,5.666968501533485,6.549121470558072,6.042757841495533,5.7763531674910364,5.837313867280724,7.388727939598446,7.5319095880551306,,,,7.3098814858247865,6.654758764518246,5.585999438999818,6.6380917120330345,,7.430776175841946,7.292386300187459,7.418580902748128,6.108338904828147,6.3795810168815335,7.098109007473356,7.137996804188861,7.313220387090301,7.298331774596551,7.313220387090301,7.241440704696171,7.413303845647284,7.461140517166924,7.295520809990901,7.426455081232198,7.241440704696171,7.413303845647284,7.372060887113235,7.457813868905902,7.093857558615998,7.413303845647284,7.401773784431747,7.520602517140439,7.356367718246555,7.144536752908473,6.115401448338743
San Isidro Centro,,,8.334816317244673,7.547792634228134,8.932263101844136,,,7.52294091807237,,8.019176525942829,8.238989862919,7.562681246721884,7.896366672435918,7.547792634228134,7.7675338005929495,,7.23098228885333,7.813683223820745,8.111728083308073,7.842738143868445,7.9414096713754745,7.898153983010014,7.8124851884552164,7.908603398884355,7.944865367892453,7.909203819196599,7.856835833679283,7.798799139809184,7.7168623406369505,7.809718382976104,7.887346141742717,7.792297312541712,7.656991926193126,7.777525995221399,7.801005025740016,7.893882565691792,7.795737628409995,7.799177944278279,7.801573155004234,7.941829046512676,7.9492091538102985,7.813235094752076,7.8173345006902215,7.824046010856292,7.768476159701481,7.878770910545539,7.689009727052349,7.669895331029034,,,7.932259595496525,7.845099420054124,7.63912367236228,7.811306985078862,7.862197776820668,7.308766036740921,7.848939710452074,7.847999251878785,7.869294873543347,7.72226331654635,7.870566026491185,7.824046010856292,7.932861790559639,7.758408847216313,7.841437753568162,7.747505933733958,7.687287073740903,7.924129469413274,7.812614739776533,7.846024917575067,7.801573155004234,7.7168623406369505,7.737034633866663,7.824046010856292,7.825860894881581,7.824046010856292,7.824046010856292,7.789158751855852,7.768476159701481,7.84600562782371,7.777089027768521,7.762515964477679
San Isidro Labrador,,,,,,,7.805696872188095,6.046675279080337,,5.7042371234478475,,5.991464547107982,7.520859751868546,7.833348403518606,7.72758574466873,7.4815557019095165,7.52294091807237,7.585236342797683,7.637270103712957,7.446751779714824,7.585236342797683,7.406746445101125,7.517953376561332,7.57474163350341,5.809142990314028,7.4220232469391005,7.452919040329019,7.4673710669175595,7.410690397466885,7.338538195074592,7.493013497530898,7.55438244390719,7.200857418903257,7.457114566750371,7.539027055823995,7.4041921652960285,7.24422751560335,7.2078598714324755,7.340249059478221,7.440062791564028,7.5075468899810796,7.294283186070551,6.202029316215332,7.493221754106005,7.4456782423063,7.505592279737757,7.372060887113235,7.536694313563206,,,7.515744651201776,7.4673710669175595,7.161359770630038,7.489676824431858,7.536363938404511,7.4673710669175595,7.536363938404511,7.385791079925137,7.4998063426707136,7.452543058647942,7.480274471753468,7.546489451023765,7.45298232946546,7.4998063426707136,7.530284892328129,7.516819342331541,7.5319095880551306,7.4673710669175595,7.478794909896159,7.46056336081886,7.536363938404511,7.291349983309768,7.593154772751256,7.5267944873883605,7.398169905488,7.577912941317384,7.438383530044307,7.492268618539287,7.438383530044307,7.529674950253715,7.557341063844269,7.5267445878314225
San Isidro Vias / Rolon,,,,,,,,,,7.769978789586016,7.852216887822989,7.86686600803922,7.273960037926414,,,7.988349062147568,,,8.060434788920523,7.58906800189508,7.939473332820216,7.733661949388023,7.845099420054124,7.822433022309305,7.834164141021876,7.8177101924072065,7.826718866601446,7.864319909994232,7.83931348298708,7.84206451635897,7.733661949388023,7.855544677915663,7.699175210461252,7.6490217078862806,7.7912561880333016,7.661527081358517,7.847589545758172,7.706262975199909,7.741675013423165,7.803026643632217,7.7440033031827555,7.727196184866374,7.795875133889596,7.83931348298708,7.741759892258678,7.755053139369341,7.680945167215619,7.641724454062338,,,7.670530330243366,7.801573155004234,7.9171364339223045,7.7131144501490105,7.797612753788137,7.824046010856292,7.753665214094493,7.8657601022687675,7.822370967413651,7.724516415509259,7.684429501873666,7.769978789586016,7.824046010856292,7.8476062752653055,7.824046010856292,7.7148467188913,7.787274709236927,7.7406644019172415,7.796136262561262,7.833524754810836,7.809861375864336,7.7406644019172415,7.808541824320327,7.8632667240095735,7.769138577852689,7.816746611145716,7.771966861811403,7.886081401775745,7.853737800663695,7.8826667658222505,7.8935442268840825,7.824046010856292
San Jose,,,,,7.320600494387924,,,7.4041921652960285,6.982790464925051,7.148917335799025,,7.393263094763838,6.9818632511358585,,6.903508988100686,,7.354575572772215,7.495541943884256,7.388727939598446,7.275480059107454,7.181048613981818,7.24422751560335,7.157269073992316,,7.016954570947129,7.1449842687796945,7.2630959999077325,,,7.300797867091744,7.054358753174013,7.195437351433918,7.119049765042619,7.123730340817734,7.24868186595273,7.1308988302963465,7.170119543449628,7.195437351433918,7.2078598714324755,7.236059305943503,7.3117040865723375,7.1441440570463675,7.24422751560335,6.970275635963471,7.296269611252461,7.183602893786915,7.000216448229143,7.043450994436037,,,,7.3481584384515815,7.120848494442845,7.24574611878054,7.163168090865132,7.074681150298118,6.9515579016405304,6.702311304767329,7.056576166046048,7.312819392602532,6.774223886357614,6.761801366359057,7.188057244136296,7.326405689676293,7.10534430790688,6.878196476740593,7.23098228885333,7.0954822938282,7.052584946276537,6.984716320118266,7.160751793446028,7.355780001509097,7.403322221787488,7.1150820460634225,7.365180126021013,7.159069707263043,7.213136928533319,7.0858751489223915,7.063925469138758,7.271008538280992,7.089371451224583,7.1379911477923255
San Juan,,,,,,7.49268887490185,,6.945111065525906,6.797754383767809,,,5.3510679319335654,6.214608098422191,,7.418580902748128,5.339139361068292,7.5840953412257015,5.3748133995381435,7.418580902748128,5.255757752129241,7.016264677853191,7.341391264056997,5.355946479384673,6.917504891507854,,,7.056790858142625,5.675611597689505,6.974694761657246,7.289055482246122,5.675611597689505,6.907755278982137,6.979214242964282,6.68984277708548,6.993550639145123,,,,6.745236349484363,6.843216757844566,7.077849609206531,6.904416377716623,6.684056017734204,6.7562053808549365,6.843216757844566,6.9420985001757485,6.907755278982137,6.843216757844566,,,,6.533061829540727,,,5.703782474656201,,6.994766655971767,6.214608098422191,7.047517221357296,6.753604599154879,6.214608098422191,6.905228088978436,5.74726758659594,6.9251470216940065,6.627453313827979,6.778077455673604,6.950314893400933,6.730824570823059,5.857933154483459,6.832522692997096,6.889251807417577,6.712694696410753,7.3413112672568275,7.3685704821734666,7.034506984621281,7.258109605612398,7.0040863879205695,7.08543645621959,7.091492064572616,7.056849872298393,7.2587322018062315,6.926371943144022
San Martin,,,,,,,,7.1441440570463675,,,,,,,,6.125376964694249,6.855900252792187,,6.838762407495186,5.897808627399684,6.907755278982137,6.885282423130079,6.509725149361491,6.594963328040842,6.843851477002657,6.5227886924223135,6.48445346702619,6.48445346702619,6.236858707357012,6.57922343346069,6.54775254495073,6.484271665371295,6.406979991069647,6.396929655216146,6.281053197830344,6.465922526703098,6.4532396930514615,6.437933451391297,6.681948610248444,6.3559622167279235,6.528340417673075,6.396929655216146,6.433297299387021,6.14050012626847,6.357708942062865,6.303260820145278,6.258382149243842,6.201869072644762,,,,,,,6.406979991069647,,6.138782412526315,6.393219075819611,6.255727147540678,6.246841592997176,6.375876246018314,6.246841592997176,6.214608098422191,6.2954601950512865,6.358176668918913,6.437751649736401,6.64429939822333,6.440732277874539,6.437751649736401,6.4630694577206915,6.445131757034024,6.47696546638552,6.561481306515735,6.7995416943419045,6.771953737823075,6.482355955973156,6.4526932297346,6.498787540322771,6.498787540322771,6.59190232956366,6.646431597616559,6.65703270144186
San Matias,,7.313220387090301,7.391552230360208,,,,,,,,7.237234480112379,7.319569614768961,7.226209010100671,,7.38165754864353,7.195437351433918,7.338538195074592,7.3098814858247865,7.328429805753831,7.313220387090301,7.3655883726076175,7.236259345954173,7.24868186595273,7.256061973250353,7.162647528610927,7.205420156557274,7.264430222920869,7.226209010100671,7.24422751560335,7.202554819202782,7.251526818084962,7.293417759794122,7.226209010100671,7.259153165820026,7.24422751560335,7.259874406385008,7.256061973250353,7.253501152388679,7.223931101832742,7.217910207285977,7.259153165820026,7.259153165820026,7.025538314638521,7.2195349030129785,7.2015163975103,7.226209010100671,7.180554420742208,7.24422751560335,7.03743310229067,7.079381546659344,7.100544624042678,6.919925814602392,5.27014648958134,7.210941537969883,7.195437351433918,7.195437351433918,7.208285493911767,7.195437351433918,7.184387515247333,7.164184807929813,7.204281376230371,7.1441440570463675,7.2564539764064575,7.2195349030129785,7.237059026124737,7.208217078080317,7.272946487952361,7.255189098231426,7.269368504561452,7.258983946765556,7.287018014696278,7.256845979562562,7.313220387090301,7.283806501884008,7.270128244035507,7.314068204012641,7.3256429070888585,7.317293712477937,7.295520809990901,7.304170551570383,7.33061212980217,7.266045783808507
San Rafael,,7.660456990298672,7.824046010856292,,,,,,,,,7.41983012214856,7.354042381610556,8.234626219631227,7.409102158793584,7.418017648548995,7.7112505167109475,7.509930681336356,7.338538195074592,7.426549072397305,7.628438617350688,7.449352561414881,7.412850228039143,7.563946753019653,7.505291556409973,7.373217848678433,7.595889917718538,7.326349678532094,7.3645136814778525,7.45298232946546,7.189888320104866,7.4289169120787895,7.629889996415335,7.474150753902938,7.595889917718538,7.315040223807287,7.362700444353671,7.49795449028964,7.387328359244023,7.595889917718538,7.51472476330103,7.29641326877392,6.607650586531794,7.1308988302963465,7.626877945945343,7.408530566894626,7.436599408250806,7.327609124542401,,,,,7.59337419312129,,7.884670632672727,7.668175640149507,8.036220530799929,7.574578108691451,6.176948338169094,7.441053758600186,7.151606882154706,7.699993362186313,7.5642568034185,7.77525584668686,7.699993362186313,7.3777589082278725,7.718685495198466,7.734433852166605,7.653824860996425,7.824046010856292,8.111728083308073,7.975595908983493,7.753665214094493,8.160518247477505,7.824046010856292,7.824046010856292,7.781028625772602,7.9492091538102985,7.6130977326359,7.887671706736503,6.246356796736772,6.446241449075843
San Sebastian,7.099005466520393,,,,,,,,,,,6.775913131899282,,,,6.924656441801481,3.892220378131966,7.029922912956344,6.979163421486893,6.853443289628397,5.551019720103791,6.744647941111987,3.945358092534418,3.9741272159199124,3.9347799925507623,4.336906199393412,4.285851028593128,3.977346148026135,4.253590166374907,4.0558298145058345,4.281499699776919,4.393372811061183,4.425511746613621,4.4421766584910145,4.544545564171656,4.310542099547352,4.417414739477527,4.470724577240166,4.505208835008036,4.5535155111232,4.5073143959843325,4.516955829165235,4.181924210819657,4.810808729455715,4.655858702613029,6.820743901992508,5.574656513825689,5.581515104008437,7.070274208479912,4.638716308479295,4.561909063297805,4.485468553059607,4.690423578346823,4.472034685224417,5.2327024187299145,4.299950492870983,4.617291546520436,5.470767803546728,4.617291546520436,4.6448962899877095,5.558173151974505,4.4885574254798986,5.556146475850136,4.665794807804526,6.800086582053735,6.8473606464294825,6.90177146191802,6.842213764772822,6.93002791459126,6.788408521349571,5.581564841931952,4.4649086183215,6.772023665448012,6.710265500715011,5.3222706075705295,4.851497072757958,4.487387150331708,4.339965462882372,6.787795963903158,4.176174580469733,4.199705077879927,4.397079116015085
San Telmo,7.819736739268194,7.72396255229931,8.061427344833275,8.069396328984165,7.898153983010014,7.853033547729544,7.734433852166605,8.099454287005695,7.900418989640866,7.893105289172007,7.844453030633932,7.7664168980196555,7.898153983010014,7.687173728552292,7.606250065868678,7.824046010856292,7.81083918336901,7.844151113410621,7.732014910220423,7.846024917575067,7.70746001082559,7.652195753929632,7.748430362728998,7.623375315394141,7.576209846951711,7.664981316226605,7.651643978997785,7.6355094624706,7.618193956652143,7.608019927310946,7.590431159674787,7.600092414945338,7.621242143779205,7.536363938404511,7.513891082552453,7.521765138983358,7.600902459542082,7.539027055823995,7.531376396893472,7.498423790259145,7.505592279737757,7.521765138983358,7.513891082552453,7.572731582575386,7.521765138983358,7.4583669070865515,7.43727303576028,7.418580902748128,7.473069088032197,7.438383530044307,7.600902459542082,7.357356691401934,7.363508859162982,7.388727939598446,7.483119423885699,7.5340937898699725,7.464043276824885,7.444556389151389,7.598015483734846,7.436725154871532,7.51102083170009,7.512139767276851,7.56484340972638,7.587657232792062,7.638248098900934,7.744493379154338,7.566216901554192,7.585634987411294,7.523941418405954,7.584865164318497,7.585876287008881,7.575328208422652,7.641724454062338,7.625000011121143,7.600902459542082,7.57191492266883,7.57191492266883,7.645354222112916,7.5940767436975545,7.668291481447059,7.577912941317384,7.533014735447177
Santa Barbara,,7.941829046512676,,,,,,,7.575584651557793,,,7.583951683704242,8.216088098632316,8.065208067673181,7.747353390068038,8.00050244819785,8.006367567650246,,7.786816669087936,7.7430422267032055,8.0519780789023,7.998904742541908,7.866010209955324,7.804978948139066,7.814476559840141,7.9475270676273135,7.972612124972917,7.943188666028715,7.790144459180611,7.911057387845922,7.763421389039857,7.818490398143757,7.892674517245388,7.827675778906871,7.726065602496088,7.980392081246986,7.943188666028715,7.908945454642779,7.875670376261599,7.90100705199242,7.754134021657578,7.937374696163295,7.820866357938913,7.737868314615239,7.885329580036935,7.911057387845922,7.859137330667562,7.871150480043766,,,,,7.850363319173665,7.808870663529812,7.859137330667562,7.933608213367818,7.859764093458371,7.915983506181978,7.892674517245388,8.093378944639877,7.875670376261599,7.984976265290426,7.911057387845922,7.567000907866401,7.734433852166605,7.752833382631028,7.871150480043766,7.9774785577981095,7.8357420506194835,7.774174180816119,7.932182864893777,7.888584531993863,7.951480946734307,7.939676193151574,7.88120442469624,7.919356190660617,7.849837092635886,7.872293552912737,7.851978423531886,7.97819669068355,8.036351172612356,7.970819606808381
Santa Catalina,,,7.367525731947843,,,,5.644501036386234,,5.450035110928464,,6.907755278982137,7.378307003610188,7.4406531061036265,7.488785161421377,7.421775793644647,7.463281081666034,7.562681246721884,,5.710052087669797,7.3645136814778525,7.321954067059056,7.237234480112379,7.406746445101125,7.433848374878917,6.961822500252413,7.2891228355112405,7.433848374878917,7.486492108364338,7.24422751560335,7.5195568200881295,7.5295379733341115,7.339592491429498,7.552358945052896,7.249504572704193,7.355780001509097,7.582883954039404,7.1853870155804165,7.4434086979710585,7.495541943884256,,7.249504572704193,7.423157569775539,6.789972243325754,,,7.325054844737305,7.298436590906064,7.484178185233941,,,,6.942251714725613,,,7.119929798925773,,7.24868186595273,7.227229939234779,,,,7.254951478966325,,7.24868186595273,7.444556389151389,6.985716820451849,6.880356304794023,7.451370725571119,,7.1308988302963465,7.236945687860159,6.985716820451849,7.025708180446168,7.696212639346407,7.433848374878917,7.451370725571119,5.940171252720432,7.2236082284006145,7.191261980023437,,7.347121938765983,7.037564475042273
Santa Isabel,,,,,7.122866658599083,,,,,6.758719699821649,,3.711352309965995,4.3079186625201595,7.213136928533319,,5.614000464121282,4.119010904316182,4.0661736852554045,7.283924017601871,3.879233182605155,3.566277132021604,4.988162438244197,3.8394523125933104,6.579251212010101,4.115621960669386,5.798780203278481,7.101126671962676,4.699932570654094,7.020550773127481,4.3861166199254065,4.518158808998462,4.560049750707622,5.180534330891653,4.5251274783145545,4.23327190151901,6.758719699821649,4.5214884372659,4.519965334607429,4.737885585095285,5.3802974335617995,4.422848629194137,4.702671416851568,5.077358017048668,6.363028103540465,4.641537830158966,6.965514113134329,4.571833765720499,4.590544427741035,,,,4.429279519524427,4.814890716970161,4.4620693423474185,4.588640884036881,4.47893809584518,5.625433508245225,5.447352945708524,4.422848629194137,4.518158808998462,4.605170185988092,4.365391574169349,4.374058465024705,4.387208028191655,4.4620693423474185,4.45898767581001,4.27218113083517,4.422848629194137,4.412644459019895,4.240196439234664,4.338291241166074,4.290570805923828,4.8879860687887,4.338291241166074,4.312500572025272,4.154336472850076,4.518158808998462,4.174387269895637,4.10708358799953,4.31587780618629,4.294756926497932,4.492589328252867
Santa Maria Del Tigre,,,,,,,,,,,,7.786829713464908,,,,7.9881299801004655,,8.32303717697528,8.163553151172659,7.745152068386629,7.600902459542082,7.626877945945343,7.547792634228134,7.612075760140208,7.565811139730812,7.565811139730812,7.798728202872002,7.7148467188913,7.52889192356581,7.627516108060172,7.745152068386629,7.659496623808136,7.55935345662921,7.887346141742717,,7.445510314626759,7.832014180505469,7.52889192356581,7.623375315394141,7.767754094563905,7.488295535363489,7.5267944873883605,7.159587314891327,7.528581797962456,7.680945167215619,7.515883055058589,7.55935345662921,7.500579737914213,,,,,,,7.500579737914213,,7.683140557779055,7.536363938404511,7.336830252729436,,7.722792277151119,7.7425529766051095,7.538799586043243,7.4852722772468,7.509335266016592,7.388121695263419,7.578923552823307,7.754312672841617,7.374905839245466,7.63912367236228,7.649692623711514,7.5300547692112465,7.53346117874655,7.431075831357432,7.5319095880551306,7.68228206581046,7.686262308493239,7.5863944330525035,7.741115631525559,7.741115631525559,7.676580626865322,7.498623610421665
Santa Rita,,,,,,,,3.7784916128036232,,,,,3.3932292120129786,,,,7.803426723653557,7.170119543449628,7.042881144439817,7.202357794278492,7.143069365916602,7.413690917453936,7.528331766707247,7.3182581811202585,7.5289289599169935,7.251811758961658,7.429754203346253,7.369100845484758,7.318951061799287,,7.323746800077289,7.50457135060365,7.322699131044845,7.269790829162965,7.406746445101125,,7.454298985350207,7.120848494442845,,7.616016097352131,,7.191863563336148,6.899387029311621,7.098109007473356,7.093857558615998,7.281332033723473,7.122917941965334,4.045554398052669,,,,,,7.179688994465779,7.098810515744846,6.959048573369688,6.357708942062865,7.003065458786462,5.736151712860381,4.759671804580138,6.211502505864039,5.991464547107982,7.003065458786462,6.657611125849422,7.303650936074151,7.300797867091744,7.026530962346339,6.9247060548199775,7.2572614289883095,7.286368297604371,7.16009987259895,6.716366284233275,7.1231166898542915,6.8076718204251545,6.26547698307962,6.961213340609385,7.003065458786462,7.246262123858656,7.256061973250353,7.205006802450069,7.099833010721456,6.964658534887755
Sierra De Los Padres,,,,,4.33323647050445,,,,5.233778845410465,,,,,,4.31748811353631,,6.731864612518473,,4.319991243754429,,4.422848629194137,4.59357105014474,7.032277418855321,6.589301547863602,,7.033906564309037,4.4008697224753615,6.825215403802412,6.838762407495186,6.694662063521429,6.959048573369688,6.900375171684514,5.452468046375295,6.8277125713086,,4.422848629194137,6.7575209707830854,5.808242494980777,6.357708942062865,6.648244083497053,4.364008129171204,6.597600350678298,5.4931614483408815,5.30548585602665,6.837137711768184,7.181525235696194,5.368384929164754,5.588355152692277,,,,,,,4.247607142348731,,4.248495242049359,4.31748811353631,4.521497710263977,4.362224007377702,4.2037950631314525,5.0106352940962555,6.566435936712773,7.086881944879573,4.31748811353631,4.31748811353631,5.43630310952194,4.75932086581535,4.828839223425289,4.31748811353631,6.608006147106153,5.403677882205863,6.525688197058022,6.119297918617867,6.877902315832456,6.142637350767918,6.678342114654332,6.64285765441325,4.950191684136592,5.345570251398582,5.41610040220442,4.921521971288232
Terminal Vieja,,,,,,,,7.761914229749286,7.9724660159745655,,,,7.769138577852688,,,,7.727654165181226,7.650880113947965,7.5256399750415355,,7.379694623178629,7.367287608360577,,,,7.336289604820767,7.525254841202767,7.549609165154532,7.487573774235079,7.320942433184212,7.393263094763838,7.549609165154532,7.444556389151389,7.520480892231508,7.3628456243771545,7.607822902386657,7.238572458120005,7.513891082552453,7.182858569227058,,7.418580902748128,7.396108046896069,7.383178975697212,7.25432886926211,7.509335266016592,7.3418961870669674,7.482548606308328,7.419612804227526,,,,,,7.3815396310677786,7.406746445101125,7.559517243379228,7.446751779714824,7.518426237717844,7.256061973250353,7.245968160081134,7.508739495966203,7.487573774235079,7.586916217567342,7.344472930594406,7.494430215031565,7.2972200457438605,7.423568444259167,7.598399329323964,7.5390755449568845,7.720215188817913,7.404570165678529,7.52294091807237,7.506873509893806,7.344396004558751,7.62846040360574,7.5267944873883605,7.591693520456772,7.55424237807602,7.558223719505182,7.538266888550598,7.737809296480261,7.603277760921381
Terravista,,,,,,,,,,,,,,7.513891082552453,,7.3777589082278725,7.264430222920869,7.350960715073149,7.42465994882451,7.6613912210227335,7.600902459542082,7.502930166692804,6.502290170873972,5.408451160958521,7.3777589082278725,6.684299178829628,6.443537586803445,7.408530566894626,7.176019265576817,7.346010209913293,7.313220387090301,7.203577209640474,6.464830425795677,7.341391264056997,7.052336507793245,7.35670549903004,7.324784619223182,6.3899609859000535,6.599453919327621,7.052336507793245,7.264248388208122,7.233455996233227,6.3636436775826795,7.32896874405844,7.227229939234779,7.213136928533319,6.643624691107773,6.36875877824945,,,,5.895663087509939,,5.857933154483459,7.313220387090301,6.225177414841653,6.360290922813926,6.54497627828455,5.703782474656201,6.082436325313709,6.411967532580687,6.357413127832044,6.555139193989568,7.30142247679196,7.302047086492176,7.286653359705579,7.346010209913293,6.22983129925848,7.353637024253455,7.264430222920869,7.426099735162155,7.385791079925137,7.433618780112668,7.543744045702134,7.389593365874876,7.484571856966014,7.538487809395324,7.495541943884256,7.450079569807499,7.314464986976717,7.395458485327274,6.383002539291758
Tiro Suizo,,,,,,,,,,,,,,,7.245561738616487,,7.1428750213430625,7.2078598714324755,6.7646544353414635,6.684611727667927,6.339771241376198,6.363028103540465,6.58216378825168,6.844925630099896,6.64934358883047,6.5411300041902365,6.354370040797351,6.561181688702164,6.645391014514646,6.601203042538932,6.604324849562217,6.4281821987202505,6.5237963760949365,6.571283042360924,6.3281368237398645,6.437751649736401,6.437751649736401,6.666593222165249,6.378495953527309,6.443449670851039,6.247131290127752,6.380122536899765,6.311274210637652,6.279146619559763,6.451737891711142,6.172048484003396,6.24753252396788,6.48957227758669,,,,,,6.283600969909143,6.33366745843818,6.643562858913091,6.311274210637652,6.073030581353909,6.597600350678298,6.3251499728220155,6.2079635557035235,6.239678352067516,6.114524639865209,6.348139491046714,6.544254369973005,6.288716070575914,6.416245444515438,6.492239835020471,6.3829434132414065,6.339540149273821,6.4281821987202505,6.342441469932076,6.410120310398876,6.5273467507113105,6.415278793884343,6.437751649736401,6.40628093476715,6.462444262326773,6.382330855794994,6.440451606782407,6.4846341877920715,6.263960982824924
Tres Cruces,,,7.759997165726221,,6.951260967476951,,7.6597429595650155,,,7.826296996612611,7.944673998644907,,,,7.8907373853549645,7.721548775608481,7.674221104988694,,8.27603113459935,7.824046010856292,8.04559432819695,8.199994486376395,7.717537671837222,7.779594248285458,,7.632673417773957,,,8.020604815795908,7.851785090170413,7.901832921694347,7.509552680953854,7.495120979870462,7.350399390332055,7.280816963035642,7.710101751507074,7.8093037291190885,7.1832668158136626,7.672594387998199,7.711716825882372,7.569811872472052,7.7399395015592924,7.688397801443019,7.509552680953854,7.902920928174704,7.777146844508199,7.7854737360700526,7.664524288870254,,,,,,,7.846478230962095,,7.732117341338783,7.851136470066484,7.879088366284774,7.726161851882068,7.779594248285458,7.789519812322249,7.789519812322249,7.806467882364004,7.748062810637961,7.807992506806417,7.79532345565846,7.834760213777336,7.775962911727536,7.912532248344478,7.814252540122727,7.874228284034378,7.8444740291032975,7.916236937771124,7.853606477546625,7.834737892846995,7.783224016336037,7.814582191774064,7.782546703678263,7.862463501462795,7.801135900931767,7.793832648489948
Velez Sarsfield,,,,,6.432739107912857,,,7.635035465911541,,7.9105906122564775,,,,,7.380071047986252,8.229511118964457,6.332641165333785,7.264430222920869,7.74608446938658,7.6172515975436115,7.870566026491185,7.462383525406521,7.70375984498179,7.600132932763054,7.561681746388801,7.44847443302627,7.530568794797096,7.518137794023975,7.382929847644105,7.59373397006347,7.562681246721884,7.513891082552453,7.5865137220899825,7.837828150370889,7.483119423885699,7.441358464447425,7.533282271867103,7.4222238940266285,7.369573323641434,7.407531066561543,7.382213258577253,7.425623971290607,7.431549710679976,7.388727939598446,7.335413723462908,7.24868186595273,7.3901814282264295,7.229101978634193,7.483119423885699,7.313220387090301,7.352441100243583,7.2989344298428245,7.513891082552453,7.4267442133872885,7.180212143836853,7.406196843548406,7.304170551570383,7.217559268521189,7.287244900687041,7.190571161782745,7.21038158837532,7.263659080620811,7.343992045757055,7.2818698572062255,7.27399967393702,7.27399967393702,7.238950103622056,7.389167017541834,7.276550349894469,7.261138084617267,7.264430222920869,7.209308669841971,7.462066014687866,7.4270555297391,7.3811639402487925,7.367287608360577,7.2966910851390905,7.324090059327205,7.321954067059056,7.399162816891026,7.319525029303251,7.3777589082278725
Versalles,8.106278478540508,,,,7.9492091538102985,,7.6958353520376495,7.271256187991269,7.989560449333865,,6.65874234768951,7.824046010856292,7.9102237070973445,7.885802889031987,,7.783224016336037,7.5319095880551306,7.5895284967580725,7.652195753929632,7.513891082552453,7.629889996415335,7.700579479330784,7.70787457909425,7.669895331029034,7.732468392085027,7.575584651557793,7.575584651557793,7.627931131930001,7.649692623711514,7.5267944873883605,7.565084568037916,7.572731582575386,7.610345485258469,7.517520850603031,7.460784119367496,7.512990587219202,7.549609165154532,7.539417375891402,7.490554402373217,7.410858856654217,7.490901564327754,7.382213258577253,7.418580902748128,7.471690728062076,7.3811639402487925,7.461140517166924,7.413690917453936,7.370677442115089,7.637270103712957,,7.4634314689134795,7.553649574691537,7.187138548619223,7.429391818852343,7.517132576476624,7.24422751560335,7.454298985350207,7.391181928560013,7.231155434035998,7.495541943884256,7.199276127741084,7.345693854319062,7.345377498724833,7.393263094763838,7.3777589082278725,7.323802496420838,7.340470029537677,7.3906070507057215,7.374129140177294,7.429052202615423,7.372060887113235,7.323802496420838,7.5180147997363145,7.399532707777433,7.469224635566882,7.372523258294224,7.397303504300843,7.469874197135678,7.389593365874876,7.401773784431747,7.438383530044307,7.41025728603155
Vicente Lopez Vias / Maipu,8.131530710604252,,7.899395448098079,,,7.226209010100671,7.881804845008484,7.5267944873883605,7.359740402725194,8.034940940094303,7.899395448098079,8.126995555438862,7.888584531993863,7.91429288870407,8.705754033759694,7.543744045702134,8.040500574019704,7.964403368551214,7.922486083669544,8.063595597557612,7.97819669068355,8.043408839330596,7.860413655027167,7.891957216472503,7.841043587224863,7.918074960504568,7.776351137048275,7.893038882343244,7.8362785792919265,7.841043587224863,7.899631997812887,7.894663578070245,7.824046010856292,7.957577403480815,7.725584063616905,7.828686390412795,7.775843909038414,7.875339305243843,7.820921133508767,7.9820346942675355,7.826169156297018,7.920672846545364,7.753224506668601,8.076177099043754,7.706262975199909,7.904088718529828,7.801573155004234,7.7148467188913,,,,7.67786350067821,7.5840953412257015,7.823088409645428,7.8124752465754455,7.652574470086403,7.833055263607632,7.600902459542082,7.658531572378719,7.664880117189059,7.683473613568977,7.787067007615205,8.160518247477505,7.755053139369341,7.824046010856292,7.6842840684811335,7.585634987411294,7.730491756865936,7.645354222112916,7.8806487147625175,7.668383409130277,7.755053139369341,7.64636483361884,7.72816423915301,8.027971591515522,7.947871360968638,8.047189562170502,8.006367567650246,7.754835321896935,7.7440033031827555,8.013343181386672,7.911057387845922
Vicente Lopez Vias / Rio,7.847035529080991,,8.704070564746052,8.78685675836534,,,7.758531403745666,8.736230763748464,,7.992944547318106,,8.375235396588085,7.94540686786056,8.077826531632391,7.9849763776689295,8.804875263868018,8.799335083492403,8.229511118964457,8.207747102735313,8.528889231179429,8.417543713553925,8.138756755695992,8.194056221879372,8.229511118964457,8.10455959382946,8.331449883488903,8.26030108701947,8.039157390473237,8.125151103640214,8.067276320737239,8.047189562170502,8.311960566668558,7.9159108022429585,8.198739460297704,8.287721469746138,8.224523577453418,8.238989862919,8.146514199393488,7.97819669068355,8.179049727236276,8.234960723732021,7.9724660159745655,8.105039095157277,8.190977454962214,8.181745318843868,8.257426547995017,7.7950584739830395,8.210131183423737,,,,7.817776397842697,8.270523036703752,8.394590869323904,8.35262137178079,8.294049640102028,8.361032460660955,8.174248440289407,8.080652202644778,8.25056452816229,7.765982209901531,8.176266604445644,7.988215278871875,8.174031966644227,8.074341480418322,8.37775770436943,8.138780424617401,7.96907894275982,7.999168037660513,7.924129469413274,8.00097671901537,8.129608415247622,7.994302333935401,7.988667990550846,8.081875120158392,8.264196676952347,8.014089613744158,8.186160678090843,8.01164462475109,8.111728083308073,8.31174921720143,8.09858908849824
Vila Marina,,,,,,,,,,,,5.42376125066054,7.418580902748128,,,7.559308562243245,5.334685010718911,5.397317987966187,,5.391407789614049,5.403677882205863,7.418580902748128,7.418580902748128,7.299797366758161,7.284232850217049,7.336853304480124,5.567307305987665,7.373583536817392,7.418580902748128,7.273215052476602,7.293417759794122,7.373845008906736,7.293417759794122,7.418580902748128,7.418580902748128,7.418580902748128,7.293417759794122,7.237996965852714,7.261927092702751,7.115394643760381,6.4397348488719866,7.395676134732481,6.5136539295242875,6.4522797502993114,7.198042006459328,7.3091470617026655,,7.299797366758161,,,,,,,7.237996965852714,7.438989774379335,7.37037880093025,5.686433836321588,7.329349769020185,7.29641326877392,7.428391773312387,6.319968614080018,,7.115394643760381,6.603266088213975,7.4673710669175595,7.418580902748128,7.347706563161471,5.704996321470612,7.038180708053697,6.636468117941852,5.683979847360021,,7.474010707687459,,7.538288866814096,7.1991423405214245,5.732181949177899,7.5840953412257015,7.127685228177658,7.5186643613051105,7.418580902748128
Villa Belgrano,,7.273590592319533,,,6.214608098422191,7.1308988302963465,7.230528671245188,6.201185078090051,,7.968627239667399,8.111728083308073,,,6.912311095517998,6.775695556969071,-4.997212273764115,7.117475809964206,,7.230719165578558,7.110696122978827,7.734433852166605,7.1046826735958675,6.907755278982137,6.9498035152256366,7.1046826735958675,7.049193534042219,7.067287059080557,6.808635410833161,7.12816689683388,7.112322444723412,7.07292626144949,7.0412866716066596,7.326171964814051,6.907755278982137,7.1308988302963465,6.861235263347244,6.787581552166518,7.047740577545399,6.934943664421173,7.096609756817715,6.907755278982137,6.982257806280058,6.598870998879753,7.111354234223376,7.307740921325676,7.061165492281671,6.753604599154879,6.929651208478112,,,,,,6.853648486662021,6.980704278628305,,6.866532563158183,6.941656830657818,7.338538195074592,6.7343113962202,7.11254969162815,7.074809363645303,6.941656830657818,6.922570364767278,7.022165630159881,6.949122689093322,6.866933284461882,7.1441440570463675,6.945907044946513,7.00619535179539,7.119064372649344,7.0248806362195495,7.121858383975032,7.022165630159881,7.293417759794122,7.0961425868047545,6.945976491802335,7.039091281043224,7.1308988302963465,7.271215660320997,7.282448728423548,7.226209010100671
Villa Bonich,,,,,,,6.396929655216146,6.8505968651421885,,6.502290170873972,6.060457418594933,5.775526379515043,,6.647724737860866,7.1441440570463675,,6.852807443570528,,6.607184050940299,7.032918421936143,6.127596721432562,6.782592136028131,6.838762407495186,6.6420521132491315,,6.725433722188183,6.785587645007929,,,6.4897113886671125,,6.745236349484363,6.214608098422191,6.675423301613521,6.745236349484363,,,,5.9121493066753406,6.476972362889683,6.497327381531844,6.212940041321494,6.354370040797351,6.907755278982137,6.279146619559763,6.060457418594933,6.887552571664617,6.309918278226516,,,,,,6.7099295356522175,6.502290170873972,6.600270579234176,6.396929655216146,6.4604295005968,6.377319298639506,6.707084583519986,6.253828811575473,6.600270579234176,6.6022141652293165,6.688261378908733,6.257167712840988,6.691911030149539,6.571283042360924,6.62542085108873,6.515398091939419,6.431909374112173,6.727975942551362,6.476972362889683,6.748327542054035,6.802394763324311,6.596699855345047,6.6764043269122775,6.620073206530356,6.634461943982456,6.453865257879014,6.491599284402438,6.615389331528556,6.338198734095318
Villa Celina,,7.046341442268284,,,,,,,6.890055701882736,7.003065458786462,,,,8.006367567650246,6.574610832453598,,,,6.582332878547509,6.821812849181413,6.907755278982137,6.89277882479258,7.217910207285977,7.299097569621402,7.031446751324687,7.034506984621281,7.1308988302963465,7.078100644729376,7.003065458786462,7.117105508164011,6.952875714262607,6.97837284619609,7.029621655142131,7.04279156278608,7.05617528410041,6.661937410629055,7.0599470943240625,7.04279156278608,6.921360931037916,7.046341442268284,6.725433722188183,6.935763383612723,6.907755278982137,7.011744992506185,6.6431956589809005,6.7995416943419045,6.7562053808549365,6.628170416762975,,,6.9221440164342365,,,7.013115794639964,6.701903224777988,6.896705442795552,6.651248823998806,6.73785624218674,6.789972243325754,6.9767481504690885,6.571283042360924,6.852185427827326,6.884434990255581,6.9767481504690885,6.782592136028131,6.868334545826189,6.955008163832683,6.817533856876522,6.828974401129023,6.859339458797493,6.934783951370056,6.81537647318622,6.89277882479258,6.682336413830792,6.805476429861719,6.791683107729383,6.809989102764587,6.829280302587966,6.8626348437016675,6.8544613170382895,6.802394763324311,6.776537809488012
Villa Crespo,,8.15719045738483,7.824046010856292,7.795760835112095,8.091518573246326,8.126505590164356,8.19340611432234,7.847999251878785,7.781486396437496,7.997317732130329,7.96907178290655,8.05080313938273,8.03974971007988,7.852216887822989,8.078280149240532,7.789613814434808,7.805696872188095,7.962875048275666,7.914828981296576,7.9492091538102985,7.90100705199242,7.834517310723587,7.79574223469344,7.79799533365635,7.798070524453031,7.778236474824998,7.772752716468742,7.774724666354314,7.727196184866374,7.748955559501222,7.696212639346407,7.6842840684811335,7.689762172642059,7.718685495198466,7.632340971627027,7.645907834710996,7.659496623808136,7.641724454062338,7.637740161972147,7.643950432634034,7.600902459542082,7.641724454062338,7.625000011121143,7.647589573514735,7.623375315394141,7.673857281676235,7.581854264571388,7.612644996975572,7.720249217174649,7.656991926193126,7.679020238806034,7.734433852166605,7.745002803515839,7.6598840593451145,7.65597536689101,7.641724454062338,7.661527081358517,7.601555993315693,7.665440980679653,7.656774806287806,7.683738465121231,7.656165138217132,7.696784231245365,7.771765654141861,7.750614732770409,7.764227515645382,7.770111047224666,7.759126464756976,7.7406644019172415,7.756410650499852,7.7384322581333,7.803761005785315,7.797138557936368,7.798018793791716,7.808541824320327,7.800980737925296,7.809657273404192,7.772086271925581,7.846024917575067,7.846024917575067,7.817125568011718,7.791057316090383
Villa Devoto,8.322132608844854,8.111728083308073,,7.593180413448172,-5.459585514144159,7.99166425713596,7.917887760823962,7.730360526778969,7.9139942475192315,8.066421753796437,7.634469283181166,7.517787552831575,8.001090510549403,8.001250979510232,7.882314918980268,7.772752716468742,7.824046010856292,7.888584531993863,7.806754513746231,7.87139213145349,7.783224016336037,7.888584531993863,7.824046010856292,7.783224016336037,7.827812493651769,7.7440033031827555,7.818367959267679,7.773908925422273,7.694006350530869,7.759507489718721,7.7406644019172415,7.720703659354703,7.743076948322625,7.687913836531712,7.688813605908495,7.6995163003299885,7.697588156032352,7.7406644019172415,7.661527081358517,7.715505842281086,7.623250455860466,7.694834279376286,7.63864278752493,7.680945167215619,7.647859442629853,7.587657232792062,7.600902459542082,7.610797962085927,7.689914017558952,7.705854060861763,7.737034633866663,7.620320545399184,7.581266485025224,7.666597718807477,7.542133426376425,7.634002407968428,7.579348016970052,7.625800011163809,7.639616971722773,7.682075749585905,7.6565812847067,7.639722451391664,7.648155344392628,7.6525496610891155,7.678864001011794,7.687913836531712,7.710653323501202,7.718685495198466,7.693858593740032,7.718685495198466,7.71583242621606,7.749082972382837,7.752302105997451,7.806241386222785,7.8002353621625735,7.806610949034191,7.813463901525755,7.789950698279135,7.778236474824998,7.805696872188095,7.810622990524151,7.762467503125569
Villa General Mitre,7.561928325110307,,,,6.057604249612522,,7.545842682359055,7.834578583356185,7.629889996415335,,,7.91778756288799,7.787004739175943,7.887447522206788,7.403543025383588,8.005255838797556,7.74608446938658,7.593897025817922,8.017796263473869,7.635657305595131,7.661527081358517,7.372060887113235,7.517520850603031,7.5883236773352225,7.569153761227502,7.5070495507357355,7.610471910558233,7.526358494921559,7.5883236773352225,7.513891082552453,7.600902459542082,7.5070495507357355,7.4150030814002434,7.504650660082496,7.423770097821086,7.296319613752628,7.4399720927294455,7.3975389905777895,7.403543025383588,7.438383530044307,7.5103884520012505,7.323190079836067,7.380661667885834,7.383109491070112,7.313220387090301,7.4673710669175595,7.268445074767323,7.3777589082278725,,,7.47122463623355,7.270198023911034,7.504052633552165,7.345680937593194,7.359740402725194,7.461545758307572,7.327609124542401,7.286140062497159,7.286034246786144,7.361422488908179,7.291138148671013,7.335199293809077,7.330028692489794,7.418580902748128,7.357093936431651,7.367548092867641,7.340176197078829,7.371328017897582,7.418580902748128,7.411891914597331,7.465331015027671,7.4794049064812835,7.545289641986971,7.546401989498026,7.567498124706027,7.5186643613051105,7.501006176005312,7.462066014687866,7.518210743696969,7.5186643613051105,7.43727303576028,7.433848374878917
Villa Lugano,6.907755278982137,,7.24868186595273,7.230153788391688,6.907755278982137,6.984716320118266,7.153688038094007,7.003065458786462,7.450841764966349,7.182858569227058,7.184376404074493,7.176019265576817,7.0350170585930645,7.4124270371737495,6.824373670043086,7.067603979924033,7.068272205809238,7.144885072271086,7.003065458786462,7.217910207285977,7.231994947167715,7.083645945445801,7.0599470943240625,7.3777589082278725,7.035588650492022,7.275480059107454,7.106606137727303,7.068967872565857,7.147705948612728,7.0458081563255055,7.15427927894041,7.1308988302963465,7.076789941755507,7.175234644116399,7.1572161386137205,7.049725540252524,7.038783541388542,6.992582712163749,7.090076835776092,7.1308988302963465,6.9753764074962135,6.940457119849453,7.038808395604278,6.9871288665236495,6.838762407495186,6.914923768460749,6.90608722188144,6.907755278982137,6.978073913697542,7.057567557210797,7.059439866314202,7.061905958809396,7.07326971745971,7.246730645821469,6.882437470997847,6.906997990040228,6.84587987526405,6.907755278982137,6.779921907472252,6.801839053390588,6.9181180660176835,6.895176496775277,6.866933284461882,6.959139478328615,6.8666908203196275,6.969767266194013,6.906029653014667,6.884240820192942,6.857714332911052,6.860502394131592,6.8940973736586555,6.889736773479458,6.959139478328615,7.021032352717815,6.952875714262607,6.946975992135418,6.947776632818906,6.968379900798572,7.003065458786462,6.887552571664617,6.907755278982137,6.878767742108884
Villa Luro,,8.078688229229872,8.16259861837538,7.847762537473608,7.800878951574758,7.839275738286837,7.190511233097862,7.893038882343244,7.7259269398966355,7.796647036668178,7.687913836531712,7.926700164916376,7.919356190660617,7.838658723224138,7.6823954937932655,7.8735466546293225,7.565634320704625,7.726065602496088,7.7453791678409445,7.866605625275088,7.690514618231769,7.803368582428504,7.692118467813744,7.707512194600341,7.745230619896822,7.669895331029034,7.699342532355335,7.707512194600341,7.661527081358517,7.565184376940003,7.592934289892906,7.6368344687681455,7.651391859464474,7.598008101515718,7.597563558276567,7.5950027374148945,7.5468352382718065,7.613481241748943,7.590852123688581,7.52085141850049,7.671106718215331,7.551252550898262,7.4492119463016495,7.560231419811155,7.517612836206721,7.461140517166924,7.490645973272049,7.435555441234827,7.521765138983358,7.530943870935172,7.590431159674787,7.600902459542082,7.418580902748128,7.513891082552453,7.563715478987805,7.578923552823307,7.431003422746685,7.504052633552165,7.512106960758952,7.652195753929632,7.43481209767671,7.490039866730273,7.51472476330103,7.515744651201776,7.600902459542082,7.512609852396404,7.531646948526372,7.521765138983358,7.541719696392309,7.57191492266883,7.572731582575386,7.584373157590872,7.59890045687141,7.6587220304309085,7.600902459542082,7.623375315394141,7.600902459542082,7.615501258963235,7.594213471391286,7.63864278752493,7.585268552803468,7.619860799179621
Villa Maipu,7.141370130163642,,,,6.9532176530588945,,6.979214242964282,7.003065458786462,7.032918421936143,6.907755278982137,6.659738462922787,6.882437470997847,7.202554819202782,6.5646605016004305,7.156971070606122,7.090076835776092,7.127817163758939,7.298621587669149,7.047517221357296,7.418580902748128,7.122866658599083,7.2236082284006145,7.1073683328861526,7.195437351433918,7.562681246721884,7.001372156390395,7.082108666126914,7.17741884593124,7.054912923318425,7.003065458786462,7.357672149661135,7.090076835776092,6.869534066161939,7.047927225480311,7.003065458786462,6.923670734288036,6.939785582135938,7.025538314638521,6.882437470997847,6.856461984594587,6.9767481504690885,6.99608636764707,6.856461984594587,7.003065458786462,6.802394763324311,7.047517221357296,6.69326146924741,6.907755278982137,,,,,7.101911293423094,7.188057244136296,6.907755278982137,6.63967723403313,6.708626603871801,6.771418835430006,6.708626603871801,6.618075203867683,6.6050353291658155,6.8340675631909775,6.789972243325754,6.771418835430006,6.846121881975817,6.632812232307786,6.8987054434622195,6.784432062950138,6.689066078017308,6.85351930438511,6.795906978845568,6.605703266247404,6.820743901992508,6.600270579234176,6.8505968651421885,6.812445099177812,6.8738537273064555,6.851340748974351,6.714758776634465,6.704371039914948,6.702311304767329,6.7178865165528
Villa Ortuzar,,,7.983395185141644,7.919356190660617,,7.649567631523364,,8.015101247619,,8.421883011611913,8.105998542899716,,,7.904262344713093,8.15781919050834,,7.995211552987421,7.941829046512676,8.122538999412289,7.879105788039319,7.805696872188095,7.686133027539659,7.793586803371584,7.755053139369341,7.813584225405975,7.669895331029034,7.7746085784304215,7.64636483361884,7.745110616196011,7.752587046874147,7.714045115641964,7.750021195328122,7.692417568377856,7.658531572378719,7.767956544205249,7.6355926561870335,7.615291196994182,7.590952128688914,7.607917633000914,7.629073336508779,7.644694107438458,7.641724454062338,7.609791406959328,7.661527081358517,7.621521746744818,7.639616971722773,7.536363938404511,7.591397975230518,7.654969680812358,,7.626349125203246,7.690410716730299,7.712128094652307,7.474045174005253,7.75996715417177,7.658041512925259,7.6098310902863835,7.6255950721324535,7.59402958025432,7.571401795145384,7.600902459542082,7.559517243379228,7.663971876113129,7.619329311892395,7.688336758931757,7.633916863818882,7.609585873098811,7.637943731222431,7.600902459542082,7.703556613602165,7.771043391235853,7.713260618604307,7.787773885767523,7.873642951995664,7.798728202872002,7.761694271605814,7.758240393063519,7.80330595797389,7.733074232650566,7.786305682873445,7.788943086233488,7.780243388197899
Villa Pueyrredon,7.5173754172104985,7.313220387090301,8.129427660407474,,,,7.648952157183791,8.047189562170502,7.628301433730197,7.669895331029034,7.600902459542082,7.712128094652307,7.856835833679283,7.659171367666058,7.7440033031827555,7.983894711798188,7.943847210668912,7.811924650323947,7.784825297703011,7.88120442469624,7.726065602496088,7.766887597016344,7.745152068386629,7.744609180208258,7.763421389039857,7.738103581055567,7.763421389039857,7.71489789481635,7.696212639346407,7.706262975199909,7.689455856883527,7.674233732627632,7.684783943522785,7.668561108015897,7.649692623711514,7.643462073960879,7.677121239978915,7.641724454062338,7.611484568872619,7.600902459542082,7.623375315394141,7.641724454062338,7.543744045702134,7.600902459542082,7.542903002610641,7.54755647883679,7.534944491750285,7.571533269014959,7.763421389039857,7.528581797962456,7.734433852166605,7.495541943884256,7.540277837725648,7.462709053811748,7.491340257030556,7.445147930132849,7.457801615901409,7.446751779714824,7.495541943884256,7.56331974839304,7.5186643613051105,7.539027055823995,7.5038085971742285,7.433848374878917,7.545873863578256,7.426549072397305,7.525553022300295,7.501746248708029,7.513385776799491,7.551005488397459,7.514817866877115,7.575584651557793,7.609636139510837,7.558342845123287,7.659028418627147,7.614466341156847,7.6348040112177635,7.6127369171890855,7.594429945036465,7.600902459542082,7.638107454816581,7.612202014796016
Villa Real,,,,7.778583636779535,7.852216887822989,,,,,7.636789218875607,7.656991926193126,6.961822500252413,7.712820375746068,7.6597429595650155,,7.495541943884256,7.853898974005974,7.703901699014229,7.600902459542082,7.728735831051967,7.431003422746685,7.5443321080536885,7.512981578169612,7.269869946216687,7.432483807917119,7.675010431695804,7.547792634228134,7.586209509280462,7.495541943884256,7.575803087295904,7.536363938404511,7.405410439558382,7.499322666724162,7.58221032652993,7.418580902748128,7.4019485026989855,7.529806537858352,7.393410164401576,7.536363938404511,7.276406413967585,7.396020685107892,7.313220387090301,7.418580902748128,7.293017679772782,7.2141232840300225,7.299797366758161,7.3171729768438585,7.2550556135761015,,,,,7.076831609026071,7.524472697510263,7.340619361278416,7.6008893015607795,7.429052202615423,7.09257996599421,7.574234212459921,7.247825887422543,7.215440227631099,7.369390658557356,7.313220387090301,7.387747439301219,7.316451407671748,7.373583536817392,7.449021928249363,7.34352573658563,7.345002171146584,7.3777589082278725,7.473178854243299,7.340109287306633,7.585634987411294,7.366266171054719,7.456321230730975,7.429944661398443,7.486921040667003,7.4919121758336775,7.340109287306633,7.390380532957511,7.4485143944388215,7.4102561928620965
Villa Soldati,,,,,,,,,,6.145142220540835,,,,,7.003065458786462,,7.070274208479912,7.090076835776092,7.05085612262281,6.624629023066217,6.973713246773935,6.840946609310027,6.753604599154879,7.070274208479912,6.514755380194856,6.645391014514646,6.7513031021666,6.786802668564475,6.475972862556599,6.746487131386015,6.746487131386015,6.484694408983593,6.804214600041297,6.6420521132491315,6.614768154300663,6.7912214627261855,6.461744076479623,6.598870998879753,6.54003049885682,6.6150856650193175,6.481893542966327,6.458805058934234,6.443465997648213,6.571283042360924,6.522092798170152,6.497855573806107,6.605939987455448,,,,,,,,6.458926952817506,6.977959537655385,6.312422975841526,6.433297299387021,6.410174881966167,6.502290170873972,6.3016194754118215,6.415278793884343,6.388030820074016,6.430029603642491,6.573386092557703,6.517794357409938,6.530440214290318,6.459150916986983,6.415278793884343,6.551080335043404,6.559885791648449,6.598870998879753,6.745236349484363,6.6150856650193175,6.753604599154879,6.730421263699221,6.82432970224658,6.700108221866614,6.755286685337864,6.722038133187044,6.730421263699221,6.69236382093591
Villa Urquiza,8.148683789830502,8.070906088787819,8.006367567650246,8.111728083308073,8.052878492334726,7.905897037286612,8.267752331584656,7.930206206684683,8.052878492334726,8.186951504545661,8.002343417350522,8.19409447788697,8.078280149240532,8.014878257318156,8.055557811841018,8.272070733383252,7.990172881730266,8.006367567650246,8.017417403836832,7.98311070548598,7.969666200799819,7.948500185329698,7.932259595496525,7.937374696163295,7.929406526514119,7.888584531993863,7.886566367837626,7.857622306389897,7.864319909994232,7.865431227019147,7.859137330667562,7.852216887822989,7.853898974005974,7.857947562531973,7.789158751855852,7.82974403197093,7.843464096713394,7.779285986870022,7.766887597016344,7.755053139369341,7.756387362382477,7.78704247431302,7.738103581055567,7.718685495198466,7.72396255229931,7.70144368876396,7.696212639346407,7.697752285532,7.8399193600125825,7.804243383560112,7.741221660220879,7.7513356629692085,7.722189673420802,7.720861774621062,7.774035590281631,7.74055204867854,7.70309340043863,7.728274565720095,7.698616165673742,7.72396255229931,7.733588900701041,7.702685153852024,7.732776524990683,7.769978789586016,7.77112360940195,7.739270710425565,7.767547211394831,7.746487776510418,7.770936185542344,7.824046010856292,7.794340856442377,7.784766036687852,7.873810372857161,7.847762537473608,7.876396058577029,7.821690297163833,7.837291237606313,7.819751086573412,7.858857815530877,7.843215926964012,7.870178943759207,7.8368682601618795
Villa del Parque,8.78352213939745,,8.099149301101212,7.623717137308254,8.180716954787025,7.7406644019172415,7.772752716468742,7.398378195430608,7.803843303538772,7.687913836531712,7.628301433730197,7.824046010856292,7.843848638152472,8.00523698527996,7.8675875302218685,7.706262975199909,7.57338443064819,7.757151776026261,7.7115680274296015,7.7440033031827555,7.801332943617059,7.750018601215549,7.698540929105999,7.698882867902286,7.680560403826105,7.704443138482922,7.6597429595650155,7.661527081358517,7.665440980679653,7.695213139013323,7.6255950721324535,7.654969680812358,7.637407456916937,7.622962177606815,7.600902459542082,7.664981316226605,7.596727088131602,7.6219558687399145,7.586374358979173,7.549405125159862,7.560713066718687,7.583095325845553,7.50475859898918,7.537462425523154,7.5392088905367425,7.511090035665857,7.495541943884256,7.4673710669175595,7.569649916037978,7.6336922823650735,7.529443495559938,7.55211229537265,7.4818430995260945,7.474994992028219,7.51249150219803,7.573117533964677,7.486632781214324,7.540277837725648,7.514483392309135,7.536363938404511,7.475068992535695,7.483119423885699,7.510415568921545,7.531376396893472,7.5319095880551306,7.576209846951711,7.5865137220899825,7.55170890688768,7.558667204524866,7.585236342797683,7.530609931824558,7.5778784194736835,7.6348040112177635,7.6627228515818135,7.6491196171794105,7.609636139510837,7.673843083943797,7.637716432664798,7.6644158652644085,7.627453211617241,7.665222425329642,7.617216633119909
Villanueva,7.793740661360963,7.660456990298672,,,7.555044038446324,,7.720610423608051,7.340619361278416,,4.922624416773543,,7.375408730882919,7.639904617345351,7.583660653107576,7.015385943174502,7.4673710669175595,7.3777589082278725,7.429944661398443,7.162647528610927,7.505592279737757,7.4673710669175595,7.396108046896069,7.475872109895489,7.462066014687866,6.586171654854675,7.252595765273867,7.319909375241098,7.40276741415935,7.369573323641434,7.508529139411067,7.476671779892833,7.3836641222972546,7.313220387090301,7.383178975697212,7.383178975697212,7.369573323641434,7.376469417398001,7.110696122978827,7.226209010100671,7.333423094407821,7.468413276496004,7.299797366758161,7.3726438075611025,7.45298232946546,7.414572881350589,7.444556389151389,7.347706563161471,7.418580902748128,7.468771330912473,7.386245522105192,7.145339514451141,6.671366500917907,7.418580902748128,7.4486100464727345,7.449021928249363,7.444848829568738,7.3433147855958545,7.428408991684391,7.45298232946546,7.418580902748128,7.395458485327274,7.444967657921323,7.4524824544238095,7.446002637950184,7.489032563698739,7.418580902748128,7.466149319667237,7.439307033265244,7.458932198271695,7.483710465402462,7.48469192786019,7.47830013744975,7.429944661398443,7.423644204704675,7.576209846951711,7.441837764912395,7.495541943884256,7.431743615331902,7.4673710669175595,7.418580902748128,7.476849810872103,7.494151122403318
Zona Centro,,,,,,,,,,,,,,,,,7.0271020366147035,6.084275103103542,0.22314355131420976,7.061905958809396,7.208016133640778,4.075514582493811,6.957454947534409,6.907755278982137,6.907755278982137,6.678913706553289,6.884765760757438,4.201426989626946,6.907755278982137,6.920603421459986,6.935915439098729,6.829753154743846,6.791923463457016,7.100386479377459,6.846386332605845,4.31748811353631,6.74345222769086,6.896059239218946,6.013937402960041,6.594751340120979,6.776727016575733,6.987797986655673,6.704814434985447,6.970568385540842,6.214608098422191,6.738678948938203,6.695193836998464,6.5373814906852425,7.223069290096004,7.166166969133805,6.950314893400933,7.1308988302963465,6.0048875674401225,6.864583107116928,6.853688057711861,6.60926229042614,6.827583953944547,6.854645453668189,7.061905958809396,6.759335273863864,6.550474641450256,6.699055156251873,6.796529643871913,6.6586680258759205,6.83432781042732,6.889073584555111,6.699116413870809,6.759335273863864,6.891225977030927,6.885795662014719,6.843628111220298,6.907755278982137,6.755286685337864,7.0287078893998,6.808125438033295,7.136194517871057,6.684611727667927,6.868534565828856,6.905162015638487,6.852492600307087,6.80711175320245,6.833322684199367
Zona Sur,,,,,,,,,,,,,,,6.907755278982137,,,7.166366690901387,7.040707235473279,4.717965680133435,7.0196434102334715,,7.170119543449628,7.061905958809396,6.507431570374392,7.153888348521045,7.125911288785308,6.888434190565141,7.272398392570047,6.491116870275848,7.013115794639964,6.804013727697166,7.055780440043286,6.571283042360924,6.595380593939985,6.850906414749985,6.689066078017308,7.170119543449628,6.896059239218946,6.592238407536912,6.6455467534973724,6.145615226935241,6.571283042360924,5.6058512359943435,6.805476429861719,6.432020975027417,5.703782474656201,6.725433722188183,,,,,,3.847484484290575,6.45577015523908,6.408764112863149,6.700115914203892,6.361211572614067,6.081076705797669,6.15006957728462,6.733401891837359,4.605170185988092,6.502290170873972,6.723500578189269,6.789972243325754,6.7233262398486175,6.287286477766319,6.052089168924417,6.298520070672534,4.138461452639208,5.646624060816253,5.873681511451599,5.839914648980781,6.517794357409938,6.668275308348234,6.497734354338112,6.474404967384437,5.778371331647274,4.191406275065232,6.2891969554132645,6.1092475827643655,6.236587005140967
